LB_IZINUSAHA,MK_KEUNGGULANPRODUK,MK_TARGETPASAR,MK_KETERSEDIAAN,MK_LOGO,MK_HKI,MK_BRANDING,MK_COBRANDING,MK_MEDIAOFFLINE,MK_RESELLER,MK_PASAR,MK_PELANGGAN,MK_PAMERANMANDIRI,DM_CHATTING,DM_MEDSOS,DM_MP,DM_GMB,DM_WEB,DM_UPDATEMEDSOS,DM_UPDATEWEBSITE,DM_GOOGLEINDEX,DM_IKLANBERBAYAR,KEU_USAHAUTAMA,KEU_PENGELOLAAN,KEU_NOTA,KEU_PENCATATAN,KEU_LAPORAN,KEU_UTANGMODAL,KEU_CATATNASET,KEU_NONTUNAI,SDM_OMS,SDM_FOKUS,SDM_TARGET,SDM_KARYAWANTETAP,SDM_KARYAWANSUBKON,SDM_GAJI,SDM_ASURANSI,SDM_PELATIHAN,KUALITAS
0,0,0,0,0,0,0,0,0,0,0,0,0,0,0,0,0,0,0,0,0,0,0,0,0,0,0,1,0,0,0,0,0,0,0,0,0,0,1
0,2,2,2,1,0,2,0,1,2,1,2,1,2,2,1,0,0,2,1,1,0,2,2,2,2,2,1,2,1,2,2,2,0,0,0,0,0,0
0,0,0,0,0,0,0,0,0,0,0,0,0,0,0,0,0,0,0,0,0,0,2,0,0,0,0,1,0,0,0,0,0,0,0,1,0,2,1
0,0,0,0,0,0,0,0,0,0,0,0,0,0,0,0,0,0,0,0,0,0,2,0,0,0,0,1,0,0,0,0,0,0,0,2,0,0,1
1,0,0,0,0,0,0,0,0,0,0,0,0,0,0,0,0,0,0,0,0,0,2,0,0,0,0,1,0,0,0,0,0,0,0,0,0,0,1
0,0,0,0,0,0,0,0,0,0,0,0,0,0,0,0,0,0,0,0,0,0,2,0,0,0,0,1,0,0,0,0,0,0,0,0,0,0,1
0,2,2,2,0,0,0,0,0,0,0,0,0,0,0,0,0,0,0,0,0,0,0,0,0,0,0,1,0,0,2,2,0,0,0,0,0,0,0
1,0,1,0,0,0,0,0,1,0,0,1,0,0,0,0,0,0,0,0,0,0,0,0,0,0,0,1,0,0,2,1,1,0,0,0,0,0,1
0,2,2,2,0,0,1,0,0,0,0,0,0,0,0,0,0,0,0,0,0,0,0,0,0,0,0,1,1,0,2,2,1,0,0,0,0,0,0
0,2,2,2,0,0,0,0,0,0,0,1,0,0,0,0,0,0,0,0,0,0,0,1,0,0,1,1,0,0,2,2,0,0,0,0,0,0,0
1,2,0,2,0,0,0,0,0,0,0,0,0,1,0,0,0,0,0,0,0,0,0,0,0,0,0,1,0,0,2,2,0,0,0,0,0,0,0
0,1,1,2,0,0,0,0,0,0,0,0,0,0,0,0,0,0,0,0,0,0,0,0,0,0,0,1,0,0,1,1,0,0,0,0,0,0,1
1,0,0,0,0,0,0,0,2,0,0,1,0,0,0,0,0,0,0,0,0,0,1,1,1,0,0,1,0,0,2,0,0,0,0,0,0,0,1
1,2,2,2,0,0,0,0,0,0,0,0,0,2,0,0,0,0,0,0,0,0,0,0,0,0,0,1,0,0,2,2,0,0,0,0,0,0,0
1,2,2,2,1,0,0,0,0,0,0,0,0,1,0,0,0,0,0,0,0,0,0,0,0,0,0,1,0,0,2,1,0,0,0,0,0,0,0
1,0,0,0,0,0,0,0,0,0,0,0,0,0,0,0,0,0,0,0,0,0,2,0,0,0,0,1,0,0,0,0,0,0,0,1,0,0,1
1,2,2,2,2,0,2,0,2,2,0,1,0,2,2,2,0,0,2,2,2,0,0,1,1,1,1,0,1,1,2,2,1,0,0,0,0,0,0
0,2,2,2,1,0,0,0,0,0,0,1,0,2,1,0,0,0,1,0,0,0,2,1,1,1,0,1,2,0,1,1,1,1,0,0,0,0,0
1,2,1,2,0,0,0,0,0,0,0,1,0,1,0,0,0,0,0,0,0,0,0,0,2,0,0,0,0,0,2,0,1,0,0,0,0,0,0
0,2,2,2,1,1,2,0,1,1,0,1,0,0,0,0,0,0,0,1,0,0,1,1,1,1,1,1,1,0,2,2,1,0,0,0,0,0,0
0,0,0,0,0,0,0,0,0,0,0,0,0,0,0,0,0,0,0,0,0,0,2,0,0,0,0,1,0,0,0,0,0,2,0,1,1,2,1
0,1,2,0,0,0,0,0,0,0,0,1,0,0,0,0,0,0,0,0,0,0,0,0,0,0,1,1,0,0,2,2,0,0,0,0,0,0,0
0,1,2,2,1,0,0,0,0,0,0,0,0,0,0,0,0,0,0,0,0,0,0,0,0,0,1,1,0,0,2,2,1,1,0,0,0,0,0
0,2,2,2,0,0,0,0,0,0,0,1,0,0,0,0,0,0,0,0,0,0,0,0,0,0,1,0,0,0,2,0,0,0,0,0,0,0,0
0,2,0,2,1,0,0,0,0,0,0,0,0,0,0,0,0,0,0,0,0,0,0,2,0,2,1,1,0,0,2,2,0,0,0,0,0,0,0
0,2,0,2,1,0,0,0,0,0,0,1,0,0,0,0,0,0,0,0,0,0,0,1,1,0,0,1,0,0,2,2,1,0,0,0,0,0,0
0,2,0,0,0,0,0,0,0,0,0,0,0,0,0,0,0,0,0,0,0,0,2,0,0,0,0,1,0,0,0,0,0,0,0,0,0,0,1
1,2,1,2,1,0,0,0,0,0,1,0,0,2,1,0,0,0,0,0,0,0,2,0,0,0,0,1,0,1,2,2,1,0,0,0,0,0,0
1,2,2,2,0,0,1,0,0,0,0,0,0,0,0,0,0,0,0,0,0,0,0,0,0,0,0,1,0,0,0,0,0,0,0,0,0,0,0
1,1,2,2,0,0,0,0,0,2,0,1,0,1,0,0,0,0,0,0,0,0,0,0,0,0,0,1,0,0,2,0,0,0,0,0,0,0,0
1,2,1,2,0,0,0,0,0,0,0,0,0,0,0,0,0,0,0,0,0,0,0,0,0,0,0,0,0,0,0,0,0,0,0,0,0,0,1
1,2,2,2,0,0,0,0,0,0,0,1,0,0,0,0,0,0,0,0,0,0,1,2,0,0,1,1,0,0,2,2,0,0,0,0,0,0,0
0,2,2,2,0,0,0,0,0,0,0,1,0,0,0,0,0,0,0,0,0,0,1,0,0,0,0,1,0,0,2,0,0,0,0,0,0,0,0
1,2,1,2,0,0,0,0,0,0,0,1,0,1,0,0,0,0,0,0,0,0,1,0,0,0,1,0,0,0,2,1,0,0,0,0,0,0,0
0,2,2,2,0,0,0,0,0,0,0,1,0,0,0,0,0,0,0,0,0,0,1,0,0,0,0,1,0,0,1,0,0,0,0,0,0,0,0
0,2,1,2,0,0,0,0,0,0,0,0,0,0,0,0,0,0,0,0,0,0,1,0,0,0,0,1,0,0,0,0,0,0,0,0,0,0,1
1,0,2,0,0,0,0,0,0,0,0,0,0,0,0,0,0,0,0,0,0,0,2,0,0,0,0,1,0,0,0,0,0,0,0,1,0,0,1
0,0,0,0,0,0,0,0,0,0,0,1,0,0,0,0,0,0,0,0,0,0,0,1,0,0,0,1,0,0,0,2,0,0,0,0,0,0,1
0,2,2,2,0,0,0,0,1,0,0,2,0,2,2,0,0,0,0,0,0,0,1,2,0,1,1,1,1,0,2,2,1,1,0,1,0,0,0
0,1,1,2,1,0,0,0,0,0,0,1,0,1,1,0,0,0,0,0,0,0,0,1,1,1,0,1,0,0,0,0,0,0,0,0,0,0,0
0,2,2,2,0,0,0,0,0,2,0,1,0,1,0,0,0,0,0,0,0,0,2,0,0,0,1,0,0,0,2,1,1,0,0,0,0,0,0
0,2,2,2,0,0,2,0,0,0,0,1,0,0,0,0,0,0,0,0,0,0,0,0,0,0,0,1,1,0,2,2,1,0,0,0,0,0,0
0,2,2,0,0,0,0,0,0,0,0,1,0,0,0,0,0,0,0,0,0,0,1,0,0,0,0,1,0,0,2,2,0,0,0,0,0,0,0
1,2,2,2,0,0,0,0,0,0,0,1,0,0,0,0,0,0,0,0,0,0,0,2,0,0,0,1,0,0,2,0,0,0,0,0,0,0,0
0,0,0,0,0,0,0,0,0,0,0,0,0,0,0,0,0,0,0,0,0,0,2,0,0,0,0,1,0,0,2,2,1,0,0,1,0,0,1
1,2,2,2,1,0,2,0,0,0,0,1,0,2,2,0,0,0,2,2,0,0,0,1,1,1,1,1,1,1,2,2,1,0,0,1,0,0,0
0,2,2,2,0,0,0,0,0,0,0,1,0,0,0,0,0,0,0,0,0,0,0,0,0,1,1,1,0,0,2,2,1,0,0,0,0,0,0
0,0,0,0,0,0,0,0,0,0,0,0,0,0,0,0,0,0,0,0,0,0,2,0,0,0,0,1,0,0,0,0,0,0,0,1,0,0,1
0,2,1,2,0,0,0,0,0,0,0,0,0,0,0,0,0,0,0,0,0,0,0,0,0,0,0,1,0,0,0,0,0,0,0,0,0,0,1
1,0,1,2,0,0,0,0,0,0,0,1,0,1,0,0,0,0,0,0,0,0,2,0,1,0,0,0,1,0,1,1,0,0,0,0,0,0,1
0,2,2,2,0,0,0,0,0,0,0,1,0,2,2,1,0,0,0,0,0,0,2,1,0,0,0,0,0,0,2,0,0,1,0,1,1,0,0
0,2,2,2,1,0,0,0,0,0,0,1,0,0,0,0,0,0,0,0,0,0,2,0,1,1,1,1,0,0,0,0,1,0,0,1,0,0,0
0,0,0,0,0,0,0,0,0,0,0,0,0,0,0,0,0,0,0,0,0,0,2,2,0,0,1,1,0,0,1,0,0,0,0,0,0,0,1
1,1,2,2,1,0,0,0,0,0,0,1,0,1,0,0,0,0,0,0,0,0,0,0,0,0,0,1,0,0,1,1,0,0,0,1,0,0,0
0,2,2,2,0,0,0,0,0,0,0,1,0,0,0,0,0,0,0,0,0,0,0,0,1,0,0,1,0,0,2,2,0,0,0,0,0,0,0
0,2,2,2,0,0,0,0,0,0,0,1,0,0,0,0,0,0,0,0,0,0,1,0,0,1,1,1,0,0,2,2,0,0,0,0,0,0,0
0,2,2,2,0,0,2,0,0,0,0,1,0,0,0,0,0,0,0,0,0,0,0,0,0,1,1,1,1,1,2,2,1,1,0,0,1,0,0
0,2,2,2,2,0,2,0,2,0,0,1,0,1,0,0,0,0,0,0,0,0,2,0,2,1,1,0,1,1,2,0,1,0,0,1,0,0,0
0,2,2,2,0,0,0,0,0,0,0,1,0,0,0,0,0,0,0,0,0,0,0,0,1,1,1,1,0,0,2,2,1,0,0,0,0,0,0
0,2,2,2,0,0,0,0,0,0,0,1,0,0,0,0,0,0,0,0,0,0,0,0,0,1,1,1,0,0,2,2,1,0,0,1,0,0,0
1,2,2,2,1,0,0,0,2,1,0,1,0,1,1,0,0,0,0,0,1,0,0,0,1,1,0,1,0,1,2,2,1,0,0,0,0,0,0
1,2,2,2,0,0,0,0,0,0,0,1,0,0,0,0,0,0,0,0,0,0,0,0,0,0,0,1,0,0,2,2,0,0,0,0,0,0,0
0,0,0,0,0,0,0,0,0,0,0,0,0,0,0,0,0,0,0,0,0,0,2,0,0,0,0,1,0,0,0,2,0,0,0,0,0,0,1
0,2,2,2,0,0,0,0,0,0,0,1,0,0,0,0,0,0,0,0,0,0,1,0,0,0,0,1,0,0,0,2,0,0,0,0,0,0,0
0,2,2,2,1,0,0,0,2,1,0,1,0,0,0,0,0,0,0,0,0,0,1,2,0,1,1,1,1,0,2,2,0,0,0,0,0,0,0
0,2,2,2,0,0,0,0,0,0,0,0,0,1,0,0,0,0,0,0,0,0,0,1,1,1,1,1,0,0,2,2,1,0,0,1,0,0,0
0,1,2,2,0,0,0,0,0,0,0,1,0,0,0,0,0,0,0,0,0,0,0,0,0,0,0,1,0,0,2,2,0,0,0,0,0,0,0
0,2,2,2,0,0,0,0,2,1,0,0,0,0,0,0,0,0,0,0,0,0,2,0,0,0,0,1,0,0,2,1,0,0,0,0,0,0,0
0,2,2,2,0,0,0,0,2,0,0,0,0,1,0,0,0,0,0,0,0,0,1,0,0,0,0,1,0,0,2,0,0,0,0,1,0,0,0
0,2,2,2,0,0,0,0,0,0,0,1,0,0,0,0,0,0,0,0,0,0,0,0,0,0,0,1,0,0,0,2,0,0,0,0,0,0,0
0,0,1,2,0,0,0,0,0,0,0,0,0,1,0,0,0,0,0,0,0,0,2,0,0,0,0,1,0,0,1,0,0,0,0,0,0,0,1
0,2,2,2,0,0,2,0,0,0,0,1,0,1,0,0,0,0,0,0,0,0,0,0,0,1,1,1,1,0,2,2,1,0,2,0,1,0,0
0,2,2,2,0,0,2,0,0,0,0,1,0,0,0,0,0,0,0,0,0,0,0,0,0,0,1,1,0,0,2,2,1,0,0,0,0,0,0
0,2,2,2,0,0,0,0,0,0,0,1,0,0,0,0,0,0,0,0,0,0,0,0,0,0,0,1,0,0,0,0,0,0,0,0,0,0,0
0,2,0,2,0,0,0,0,0,0,0,1,0,0,0,0,0,0,0,0,0,0,2,0,0,0,0,1,0,0,0,0,0,0,0,0,0,0,1
0,0,0,0,0,0,0,0,0,0,0,0,0,0,0,0,0,0,0,0,0,0,2,0,0,0,0,1,0,0,2,2,0,0,0,1,0,0,1
0,0,0,0,0,0,0,0,0,0,0,0,0,0,0,0,0,0,0,0,0,0,2,0,0,0,0,1,0,0,0,0,0,1,0,1,1,1,1
0,0,0,0,0,0,0,0,0,0,0,0,0,0,0,0,0,0,0,0,0,0,2,0,0,0,0,1,0,0,0,0,0,0,1,0,0,0,1
0,2,2,2,0,0,0,0,0,0,1,1,0,0,1,0,1,0,2,0,0,0,0,0,1,0,1,1,2,1,2,2,0,1,0,2,0,0,0
0,2,2,2,0,0,2,0,0,1,0,1,0,0,0,0,0,0,0,0,0,0,0,0,1,1,1,1,1,0,2,2,1,1,0,0,1,0,0
1,0,0,0,0,0,0,0,0,0,0,0,0,0,0,0,0,0,0,0,0,0,0,0,0,0,0,1,0,0,0,0,0,0,0,0,0,0,1
0,2,2,2,1,0,0,0,2,0,0,1,0,1,2,0,0,0,0,0,0,0,0,0,0,0,0,1,1,1,2,2,0,0,0,0,0,0,0
0,2,2,2,0,0,0,0,1,2,0,1,2,2,1,0,0,0,0,0,0,0,0,2,1,1,1,0,0,0,2,2,1,1,0,0,0,0,0
0,2,0,2,0,0,0,0,0,0,0,0,0,0,0,0,0,0,0,0,0,0,0,0,0,0,0,0,0,0,2,2,0,0,0,0,0,0,0
0,2,2,2,1,0,0,0,2,0,0,1,0,1,1,0,0,0,0,0,0,0,0,1,1,0,1,1,0,1,2,2,0,1,0,1,0,0,0
0,0,0,0,1,0,0,0,0,1,0,1,1,2,1,0,0,0,0,0,0,0,0,1,0,1,0,1,0,0,2,0,1,0,0,0,0,0,1
0,0,0,0,1,0,0,0,2,0,0,0,0,1,2,0,1,0,0,0,1,0,0,0,0,0,0,1,1,0,2,2,1,0,0,0,0,0,1
1,2,2,2,0,0,2,0,0,0,0,1,0,0,0,0,0,0,0,0,0,0,1,0,0,0,0,1,0,0,2,2,1,0,0,0,0,0,0
0,0,0,0,0,0,0,0,0,0,0,0,0,0,0,0,0,0,0,0,0,0,0,0,0,0,0,0,0,0,2,2,0,0,0,0,0,0,1
0,2,2,2,0,0,2,0,0,0,0,1,0,0,0,0,0,0,0,0,0,0,0,0,0,0,1,1,0,0,2,2,1,0,1,0,0,0,0
0,0,0,0,0,0,0,0,0,0,0,0,0,0,0,0,0,0,0,0,0,0,2,0,0,0,0,1,0,0,0,0,0,1,0,1,1,2,1
0,2,2,2,1,0,0,0,0,2,0,1,0,0,0,0,0,0,0,0,0,0,0,0,1,1,1,1,0,1,2,2,1,0,0,0,0,0,0
0,2,1,2,1,0,0,0,1,0,0,0,0,0,0,0,0,0,0,0,2,0,0,0,1,1,1,1,0,1,2,2,1,1,0,0,0,0,0
0,1,0,2,0,0,0,0,0,0,0,1,0,0,0,0,0,0,0,0,0,0,2,1,0,0,0,1,0,0,0,0,0,0,0,0,0,0,1
1,2,2,2,0,0,0,0,0,0,0,1,0,0,0,0,0,0,0,0,0,0,2,0,0,0,0,1,0,0,2,2,1,0,0,0,0,0,0
0,2,2,2,0,0,0,0,2,0,0,0,0,2,1,0,0,0,0,0,0,0,0,1,0,1,1,1,1,0,2,2,1,0,0,0,0,0,0
1,0,2,2,0,0,0,0,0,0,0,0,0,0,0,0,0,0,0,0,0,0,0,0,0,0,0,1,0,0,1,1,0,0,0,1,0,0,1
0,0,2,2,0,0,0,0,0,0,0,0,0,0,0,0,0,0,0,0,0,0,0,0,0,0,0,1,0,0,1,1,0,0,0,1,0,0,1
1,2,2,2,0,0,2,0,0,2,0,1,0,1,1,0,0,0,0,0,0,0,0,0,0,0,1,1,0,0,2,2,1,0,0,0,0,0,0
1,2,2,2,0,0,0,0,0,0,0,1,0,0,0,0,0,0,0,0,0,0,0,0,1,0,0,1,0,0,2,2,0,0,0,0,0,0,0
1,2,2,2,0,0,0,0,0,0,0,1,0,0,0,0,0,0,0,0,0,0,0,0,1,1,0,1,0,0,2,2,1,0,0,1,0,0,0
0,0,0,0,0,0,0,0,0,0,0,0,0,0,0,0,0,0,0,0,0,0,2,0,0,0,0,1,0,0,0,0,0,0,0,0,0,1,1
0,2,1,2,1,0,0,0,0,0,0,1,0,0,0,0,0,0,0,0,0,0,0,0,0,0,1,0,1,0,2,2,0,0,0,0,0,0,0
1,2,2,2,0,0,0,0,0,0,0,0,0,0,0,0,0,0,0,0,0,0,0,0,0,0,0,1,0,0,2,2,0,0,0,0,0,0,0
0,0,0,0,0,0,0,0,0,0,0,0,0,0,0,0,0,0,0,0,0,0,2,0,0,0,0,1,0,0,0,0,0,1,1,0,0,0,1
0,2,2,2,0,0,2,0,0,0,0,1,0,0,0,0,0,0,0,0,0,0,1,0,0,1,1,1,0,0,2,2,1,0,0,0,0,0,0
0,0,0,0,0,0,0,0,0,0,0,0,0,0,0,0,0,0,0,0,0,0,2,0,0,0,0,1,0,0,0,0,0,1,0,0,0,0,1
1,2,2,2,1,0,0,0,0,2,1,1,0,1,0,0,0,0,0,0,0,0,0,0,1,0,0,0,0,0,2,2,1,0,0,0,0,0,0
0,2,2,2,0,0,0,0,0,0,0,1,0,0,0,0,0,0,0,0,0,0,0,0,0,0,0,1,0,0,2,2,1,0,0,0,0,0,0
0,0,0,0,0,0,0,0,0,0,0,0,0,0,0,0,0,0,0,0,0,0,2,0,0,0,0,1,0,0,0,0,0,1,0,1,0,1,1
0,2,2,2,0,0,0,0,0,0,0,1,0,0,0,0,0,0,0,0,0,0,1,0,0,0,0,1,0,0,2,1,0,0,0,0,0,0,0
0,2,2,2,0,0,0,0,0,0,0,1,0,2,0,0,0,0,0,0,0,0,0,0,0,0,0,1,0,0,2,2,0,0,0,0,0,0,0
1,1,2,2,0,1,0,0,0,0,0,0,0,1,0,0,0,0,0,0,0,0,0,0,0,1,1,1,0,0,2,2,0,0,0,0,0,0,0
0,2,2,2,0,0,0,0,0,0,0,0,0,0,0,0,0,0,0,0,0,0,0,0,0,0,0,1,0,0,2,0,0,0,0,0,0,0,0
0,2,2,2,0,0,2,0,0,0,0,1,0,1,0,0,0,0,0,0,0,0,1,0,0,1,1,1,0,0,2,2,1,0,0,0,0,0,0
1,2,2,2,0,0,0,0,0,0,0,1,0,1,0,0,0,0,0,0,0,0,0,1,1,1,1,1,1,0,2,2,1,0,0,1,0,0,0
0,2,2,2,0,0,0,0,0,0,0,0,0,0,0,0,0,0,0,0,0,0,2,0,0,0,1,1,0,0,2,1,1,0,0,0,0,0,0
0,0,0,0,0,0,0,0,0,0,2,0,0,0,0,0,0,0,0,0,0,0,2,0,0,0,0,1,0,0,0,0,0,0,1,1,0,0,1
1,2,0,0,0,0,0,0,0,0,0,0,0,1,0,0,0,0,0,0,0,0,2,0,0,0,0,1,0,1,2,1,0,0,0,0,0,0,1
0,1,1,2,0,0,0,0,0,2,0,1,0,1,0,0,0,0,0,0,0,0,2,0,0,0,1,1,0,0,2,2,0,0,0,0,0,0,0
0,1,1,2,0,0,0,0,0,0,0,0,0,0,0,0,0,0,0,0,0,0,0,0,1,1,1,1,0,0,2,2,0,0,0,0,0,0,0
0,0,0,0,0,0,0,0,2,0,0,2,0,2,2,1,1,0,2,0,0,0,0,2,2,1,1,1,1,1,2,2,2,1,0,0,0,0,0
1,2,2,0,0,0,0,0,0,0,0,1,0,0,0,0,0,0,0,0,0,0,0,1,0,0,0,1,0,0,0,2,1,0,0,0,0,0,0
0,2,2,2,0,0,0,0,0,2,0,1,0,0,0,0,0,0,0,0,0,0,1,0,1,0,1,1,0,0,2,2,0,0,0,0,0,0,0
0,2,2,2,0,0,0,0,0,0,0,0,0,2,0,0,0,0,0,0,0,0,0,0,0,0,0,1,0,0,2,2,0,0,0,0,0,0,0
0,1,1,2,0,0,0,0,0,0,0,0,0,0,0,0,0,0,0,0,0,0,2,1,0,0,0,1,0,0,0,1,0,0,0,0,0,0,1
0,2,2,2,0,0,0,0,0,0,0,0,0,1,0,0,0,0,0,0,0,0,0,2,0,1,1,1,0,0,2,2,1,0,0,0,0,0,0
1,2,2,2,1,0,0,0,2,1,0,1,0,1,0,0,1,0,0,0,0,0,1,0,1,0,0,1,1,1,2,0,1,0,0,0,0,0,0
1,0,2,0,1,0,0,0,2,0,0,1,0,2,1,0,0,0,0,0,0,0,2,0,1,1,1,1,0,0,2,0,0,0,0,0,0,0,1
0,1,2,2,0,0,0,0,0,0,0,0,0,0,0,0,0,0,0,0,0,0,0,0,0,0,1,1,0,0,2,0,0,0,0,0,0,0,0
0,2,2,2,0,0,2,0,0,0,0,1,0,0,0,0,0,0,0,0,0,0,0,0,0,1,1,1,0,0,2,2,1,0,0,0,0,0,0
0,2,2,2,0,0,0,0,0,0,0,1,0,0,0,0,0,0,0,0,0,0,0,0,0,0,0,0,0,0,2,2,0,0,0,0,0,0,0
0,0,0,0,0,0,0,0,0,0,0,0,0,0,0,0,0,0,0,0,0,0,2,0,0,0,0,1,0,0,0,0,0,0,0,1,0,1,1
0,2,2,2,0,0,0,0,0,0,0,1,0,0,0,0,0,0,0,0,0,0,1,0,0,0,0,1,0,0,2,2,0,0,0,0,0,0,0
0,1,2,2,1,0,0,0,0,0,0,0,0,0,1,0,0,0,0,0,0,0,1,0,0,1,1,1,0,1,2,2,0,0,1,0,0,0,0
0,2,2,2,0,0,0,0,0,0,0,1,0,0,0,0,0,0,0,0,0,0,0,0,0,0,0,1,1,0,2,2,1,0,0,0,0,0,0
0,2,2,2,0,0,2,0,2,0,0,1,0,0,0,0,0,0,0,0,0,0,1,0,0,0,0,1,0,0,2,2,1,0,0,0,0,0,0
0,2,2,2,0,0,0,0,0,0,0,1,0,1,0,0,0,0,0,0,0,0,2,2,0,0,0,1,0,0,2,0,0,0,0,0,0,0,0
1,2,2,2,0,0,0,0,0,2,0,1,0,2,0,0,0,0,0,0,0,0,1,2,1,1,1,0,2,1,2,1,1,0,0,0,0,0,0
0,1,2,2,0,0,0,0,0,0,0,1,0,0,0,0,0,0,0,0,0,0,0,0,0,0,1,1,0,0,2,2,0,0,0,0,0,0,0
1,0,1,0,0,0,0,0,0,0,0,0,0,0,0,0,0,0,0,0,0,0,0,0,0,0,0,1,0,0,2,1,0,0,0,0,0,0,1
0,0,0,0,0,0,0,0,0,0,0,0,0,0,0,0,0,0,0,0,0,0,2,0,0,0,0,1,0,0,2,0,0,0,0,0,0,0,1
0,2,2,2,0,0,0,0,0,0,0,0,0,0,0,0,0,0,0,0,0,0,0,0,0,0,0,1,0,0,0,2,0,0,0,0,0,0,0
1,2,2,2,0,0,0,0,0,0,0,0,0,0,0,0,0,0,0,0,0,0,2,0,0,0,0,1,0,0,0,0,0,0,0,1,0,0,1
1,0,0,2,0,0,0,0,0,0,0,1,0,0,0,0,0,0,0,0,0,0,2,0,0,0,0,1,0,0,2,2,0,1,0,0,0,0,1
0,2,2,2,0,0,0,0,0,0,0,1,0,1,0,0,0,0,0,0,0,0,0,0,0,1,1,1,0,0,2,2,1,0,0,0,0,0,0
1,2,1,2,0,0,0,0,0,0,0,1,0,1,0,0,0,0,0,0,0,0,1,1,0,1,0,1,0,0,0,0,0,1,0,0,0,0,1
1,0,0,0,0,0,0,0,2,0,0,1,0,0,0,0,0,0,0,0,0,0,1,1,1,0,0,1,0,1,2,0,0,0,0,0,0,0,1
0,1,2,2,0,0,0,0,0,0,0,1,0,0,0,0,0,0,0,0,0,0,0,0,1,0,0,1,2,0,2,2,0,0,1,1,0,0,0
0,2,0,0,0,0,0,0,0,0,0,1,0,0,0,0,0,0,0,0,0,0,0,0,0,0,0,0,0,0,2,2,0,0,0,0,0,0,1
0,0,0,0,0,0,0,0,0,0,0,0,0,0,0,0,0,0,0,0,0,0,2,0,0,0,0,1,0,0,0,0,0,0,1,1,0,0,1
0,2,2,2,1,0,0,0,0,0,0,1,0,1,0,0,0,0,0,0,0,0,0,0,0,0,0,1,1,0,1,0,1,0,0,0,0,0,0
0,2,2,2,0,0,0,0,0,2,0,1,0,1,2,0,0,0,0,1,0,0,0,1,1,1,1,1,1,1,2,2,1,0,0,1,0,0,0
0,0,2,0,0,0,0,0,0,0,0,0,0,0,0,0,0,0,0,0,0,0,2,0,0,0,0,1,0,0,0,0,0,0,0,0,0,0,1
0,2,1,2,0,0,0,0,0,0,0,0,0,1,0,0,0,0,0,0,0,0,0,0,0,1,0,1,0,0,2,2,0,0,0,0,0,0,0
0,1,2,2,0,0,0,0,0,0,0,0,0,0,0,0,0,0,0,0,0,0,0,0,0,1,0,1,0,0,2,2,0,0,0,0,0,0,0
0,0,0,0,0,0,0,0,0,0,0,0,0,0,0,0,0,0,0,0,0,0,2,0,0,0,0,0,0,0,0,0,0,0,0,0,0,0,1
0,2,2,2,0,0,0,0,0,0,0,2,0,1,0,0,0,0,0,0,0,0,0,0,1,0,1,1,0,1,2,2,1,0,0,0,0,0,0
1,2,2,2,0,0,0,0,0,0,0,1,0,1,0,0,0,0,0,0,0,0,0,0,1,1,1,1,1,0,2,2,1,0,0,1,0,0,0
0,2,2,2,0,0,0,0,0,0,0,1,0,0,0,0,0,0,0,0,0,0,0,0,0,0,0,1,0,0,2,2,0,0,0,0,0,0,0
0,2,2,2,0,0,0,0,0,0,0,1,0,0,0,0,0,0,0,0,0,0,0,0,0,0,0,1,0,0,2,1,0,0,0,0,0,0,0
0,2,2,2,0,0,0,0,0,2,0,1,0,0,0,0,0,0,0,0,0,0,0,0,1,0,0,1,0,0,2,2,0,0,0,0,0,0,0
1,1,2,2,0,0,0,0,0,0,0,0,0,0,0,0,0,0,0,0,0,0,0,0,0,0,0,1,0,0,2,1,0,0,0,0,0,0,0
0,2,2,2,1,0,2,0,2,0,0,1,0,0,0,0,0,0,0,0,0,0,1,0,1,0,0,1,1,0,2,2,1,0,0,0,0,0,0
0,2,2,2,0,0,2,0,1,0,0,1,0,0,0,0,0,0,0,0,0,0,0,0,0,1,1,1,1,0,2,2,1,0,0,0,0,0,0
0,1,2,2,0,0,0,0,0,0,0,2,0,0,0,0,0,0,0,0,0,0,0,0,0,1,0,0,0,0,2,2,1,0,0,0,0,0,0
0,2,2,2,0,0,1,0,2,2,0,1,0,0,0,0,0,0,0,0,0,0,0,1,1,1,1,1,1,0,2,1,1,0,0,1,0,0,0
0,2,2,2,0,0,2,0,0,0,0,1,0,0,0,0,0,0,0,0,0,0,1,0,0,0,0,1,0,0,2,2,1,0,0,0,0,0,0
1,0,0,0,0,0,0,0,0,0,0,0,0,0,0,0,0,0,0,0,0,0,2,0,0,0,0,1,0,0,0,0,0,0,0,0,0,2,1
0,1,1,2,0,0,0,0,0,0,0,0,0,0,0,0,0,0,0,0,0,0,0,0,1,0,1,1,0,0,2,2,0,0,0,0,0,0,0
1,1,2,2,0,0,0,0,0,0,0,1,0,0,0,0,0,0,0,0,0,0,0,0,0,0,0,1,1,0,2,1,0,0,0,0,0,0,0
0,2,0,0,0,0,0,0,2,0,0,1,0,0,0,0,0,0,0,0,0,0,0,1,0,1,1,1,0,0,2,2,0,0,0,0,0,0,0
0,0,2,2,0,0,0,0,0,0,0,0,0,0,0,0,0,0,0,0,0,0,2,0,0,0,0,1,0,0,0,0,0,0,0,0,0,0,1
0,1,2,2,0,0,0,0,0,2,0,1,0,0,0,0,0,0,0,0,0,0,0,1,0,0,0,0,0,0,2,2,1,1,0,1,0,0,0
0,2,2,2,0,0,0,0,0,0,0,0,0,1,0,0,0,0,0,0,0,0,0,1,2,1,1,1,1,0,2,2,1,1,0,2,0,0,0
0,0,2,2,0,0,0,0,0,0,0,1,0,2,2,0,1,0,0,0,0,1,0,0,1,0,1,1,2,0,2,2,1,0,0,1,0,0,0
0,2,2,2,0,0,0,0,0,0,0,0,0,0,0,0,0,0,0,0,0,0,0,0,0,0,0,1,0,0,2,0,0,0,0,1,0,0,0
0,1,1,0,0,0,0,0,0,0,0,0,0,0,0,0,0,0,0,0,0,0,1,0,0,0,0,0,0,0,1,1,0,0,0,0,0,0,1
0,2,2,2,0,0,0,0,2,0,0,0,0,0,0,0,0,0,0,0,0,0,0,0,0,0,0,1,0,0,0,0,0,0,0,0,0,0,0
1,2,2,2,0,0,0,0,0,0,0,0,1,0,0,0,0,0,0,0,0,0,0,0,0,0,0,1,0,0,1,0,0,0,0,0,0,0,0
0,0,0,0,0,0,0,0,0,0,0,0,0,0,0,0,0,0,0,0,0,0,1,0,0,1,1,1,0,0,0,0,0,0,0,0,0,0,1
0,0,0,0,0,0,0,0,0,0,0,0,0,0,0,0,0,0,0,0,0,0,2,0,0,0,0,0,0,0,0,0,0,0,0,0,0,0,1
0,2,2,2,0,0,0,0,0,0,0,0,0,0,0,0,0,0,0,0,0,0,2,2,0,0,0,1,0,0,2,0,0,0,0,0,0,0,0
0,2,2,2,2,1,2,1,2,1,0,1,0,2,2,0,1,1,2,2,1,1,0,1,2,1,1,0,1,1,2,2,1,1,0,0,0,1,0
0,0,0,2,0,0,0,0,0,0,0,1,0,0,0,0,0,0,0,0,0,0,1,0,0,0,0,1,0,0,1,0,0,0,0,0,0,0,1
0,2,2,2,0,0,0,0,0,0,0,1,0,1,1,0,0,0,0,0,0,0,0,1,1,1,1,1,0,0,2,2,1,0,0,1,0,0,0
1,0,0,0,0,0,0,0,0,0,0,0,0,0,0,0,0,0,0,0,0,0,2,0,0,0,0,1,0,0,0,2,1,0,0,0,0,0,1
1,2,2,2,1,0,2,0,2,1,0,1,0,2,2,0,2,0,1,1,1,0,2,2,0,1,1,1,1,1,2,2,1,1,0,1,0,0,0
0,2,2,2,0,0,0,0,0,0,0,1,0,0,0,0,0,0,0,0,0,0,0,2,0,0,0,1,0,0,1,1,0,0,0,0,0,0,0
1,2,2,2,0,0,0,0,0,0,0,0,0,0,0,0,0,0,0,0,0,0,0,0,0,0,0,1,0,0,2,0,0,0,0,1,0,0,0
0,2,1,2,0,0,0,0,2,0,0,1,0,2,2,0,0,0,0,0,0,0,0,0,1,1,1,1,1,0,2,2,1,0,0,0,0,0,0
0,2,2,2,0,0,0,0,0,0,0,0,0,0,0,0,0,0,0,0,0,0,0,0,0,0,0,1,0,0,0,2,1,0,0,0,0,0,0
0,2,2,2,0,0,0,0,0,0,0,1,0,2,0,0,0,0,0,0,0,0,2,1,2,0,0,1,0,0,0,2,0,1,0,0,0,0,0
1,0,0,0,0,0,0,0,0,0,0,1,0,0,0,0,0,0,0,0,0,0,0,0,0,0,0,1,0,0,2,2,0,0,0,0,0,0,1
0,2,2,2,1,0,0,0,2,2,0,1,0,2,2,0,0,0,1,0,0,0,1,2,0,1,1,1,0,0,2,2,0,0,0,0,0,0,0
0,2,2,2,0,0,0,0,0,0,0,1,0,0,0,0,0,0,0,0,0,0,0,2,0,0,0,0,1,0,2,2,0,0,0,0,0,0,0
0,2,2,2,1,0,2,0,0,2,0,1,1,1,1,0,0,0,0,0,2,0,1,0,1,1,1,1,1,0,2,2,1,1,0,0,1,0,0
0,0,0,0,0,0,0,0,0,0,0,0,0,0,0,0,0,0,0,0,0,0,0,0,0,0,0,1,0,0,2,0,0,0,0,0,0,0,1
1,2,2,2,0,0,0,0,0,0,0,1,0,1,0,0,0,0,0,0,0,0,0,0,0,1,1,1,0,0,2,2,1,0,0,0,0,0,0
0,0,0,0,0,0,0,0,0,0,0,0,0,0,0,0,0,0,0,0,0,0,2,1,1,1,1,1,0,0,2,2,0,0,0,0,0,0,1
0,2,2,2,0,0,0,0,0,0,0,1,0,0,0,0,0,0,0,0,0,0,0,1,1,0,1,1,0,0,2,2,0,0,0,0,0,0,0
0,2,2,2,0,0,0,0,0,0,0,0,0,0,0,0,0,0,0,0,0,0,1,0,0,0,0,1,0,0,2,0,0,0,0,0,0,0,0
0,2,1,2,0,0,0,2,0,0,0,1,0,1,0,0,0,0,0,0,0,0,0,0,0,0,0,1,0,0,2,2,0,0,0,0,0,0,0
0,2,2,2,2,0,0,0,2,1,0,1,0,2,1,2,1,0,0,0,0,0,2,0,0,0,1,0,0,1,2,1,1,0,0,0,0,0,0
0,0,0,0,0,0,0,0,0,0,0,1,0,1,0,0,0,0,0,0,0,0,0,0,0,0,0,1,0,0,2,2,0,0,0,0,0,0,1
1,2,2,2,0,0,0,0,0,0,0,1,0,0,0,0,0,0,0,0,0,0,1,0,0,0,0,1,1,0,2,2,1,1,0,0,0,0,0
0,1,2,2,0,0,0,0,0,0,0,1,0,1,0,0,0,0,0,0,0,0,2,0,0,0,0,0,1,0,2,2,0,0,0,0,0,0,0
0,2,2,2,0,0,0,0,0,0,0,1,0,1,0,0,0,0,0,0,0,0,2,2,0,0,0,1,0,0,2,2,0,0,0,0,0,0,0
0,2,2,2,0,0,0,0,0,0,0,1,0,0,0,0,0,0,0,0,0,0,0,0,0,0,0,1,1,0,2,1,1,0,0,0,0,0,0
0,1,1,2,0,0,0,0,0,0,0,0,0,1,0,0,0,0,0,0,0,0,2,1,0,0,0,1,0,1,2,1,0,0,0,0,0,0,0
0,2,2,2,0,0,0,0,0,0,0,1,0,0,0,0,0,0,2,0,0,0,0,0,0,0,1,1,0,0,2,2,0,0,0,1,0,0,0
0,0,1,2,0,0,0,0,0,0,0,0,0,0,0,0,0,0,0,0,0,0,0,0,0,0,0,1,0,0,1,2,0,0,0,0,0,0,1
0,2,2,2,0,0,0,0,2,0,0,1,0,0,0,0,0,0,0,0,0,0,1,0,0,0,1,1,0,0,2,2,0,0,0,0,0,0,0
1,0,2,2,1,0,2,0,0,0,0,2,0,2,2,0,0,0,0,0,0,0,1,1,1,1,1,0,1,1,2,2,1,0,0,0,0,0,0
1,2,2,2,0,0,0,0,0,0,0,1,0,0,0,0,0,0,0,0,0,0,0,0,0,0,0,1,0,0,2,1,1,0,0,0,0,0,0
0,1,1,2,0,0,0,0,0,0,0,1,0,0,0,0,0,0,0,0,0,0,0,0,0,0,0,1,0,0,2,1,0,0,0,0,0,0,0
0,2,0,0,0,0,0,0,0,0,0,1,0,0,0,0,0,0,0,0,0,0,1,0,1,0,0,0,0,0,2,1,0,0,0,0,0,0,1
1,2,2,2,0,0,0,0,0,0,0,1,0,0,0,0,0,0,0,0,0,0,1,0,1,0,0,1,0,0,2,1,0,0,0,0,0,0,0
1,2,1,2,0,0,0,0,0,0,0,1,0,0,0,0,0,0,0,0,0,0,0,0,0,0,0,1,0,0,2,1,1,0,0,0,0,0,0
0,2,1,2,0,0,0,0,0,0,0,1,0,0,0,0,0,0,0,0,0,0,0,0,0,0,0,1,0,0,2,0,0,0,0,0,0,0,0
0,2,2,0,0,0,0,0,0,0,0,1,0,0,0,0,0,0,0,0,0,0,0,0,0,0,0,1,0,0,0,0,0,0,0,0,0,0,1
0,0,2,2,0,0,0,0,0,0,0,0,0,0,0,0,0,0,0,0,0,0,0,0,0,0,0,1,0,0,2,2,0,0,0,0,0,0,0
0,0,0,0,0,0,0,0,0,0,0,0,0,1,0,0,0,0,0,0,0,0,0,0,0,1,0,1,0,0,0,0,0,0,0,0,0,0,1
0,2,2,2,0,0,0,0,0,0,0,1,0,1,1,0,0,0,0,0,0,0,0,0,0,0,0,1,0,0,2,2,1,0,0,1,0,0,0
1,0,0,0,0,0,0,0,0,0,0,0,0,0,0,0,0,0,0,0,0,0,2,0,0,0,0,1,0,0,0,0,0,0,0,0,1,0,1
0,0,0,0,0,0,0,0,0,0,0,0,0,0,0,0,0,0,0,0,0,0,0,0,0,0,1,1,0,0,2,2,0,0,0,0,0,0,1
0,2,2,2,0,0,0,0,0,0,0,1,0,1,2,0,0,0,1,0,0,0,0,0,0,0,0,1,0,0,2,0,0,0,0,0,0,0,0
0,2,2,2,1,0,2,0,2,0,0,1,0,1,1,0,0,0,0,0,0,0,0,0,0,1,1,1,1,0,2,2,1,0,1,0,0,0,0
0,2,2,2,0,0,0,0,0,0,0,1,0,1,0,0,0,0,0,0,0,0,0,0,0,0,1,1,1,0,2,1,0,0,0,0,0,0,0
0,2,2,2,1,0,0,0,0,2,0,1,0,1,0,0,0,0,0,0,0,0,1,0,1,1,1,1,0,0,2,2,1,1,0,0,0,0,0
0,2,2,0,0,0,0,0,0,0,0,1,0,0,0,0,0,0,0,0,0,0,1,0,0,0,0,1,0,0,2,1,0,0,0,0,0,0,0
0,2,2,2,1,0,0,0,0,2,0,1,0,1,1,0,0,0,0,0,0,0,0,1,0,0,1,1,0,0,2,2,0,2,0,1,0,0,0
0,0,0,0,0,0,0,0,0,0,0,0,0,0,0,0,0,0,0,0,0,0,1,0,0,0,0,1,0,0,2,2,0,0,0,0,0,0,1
1,2,2,2,0,0,0,0,0,0,0,1,0,0,0,0,0,0,0,0,0,0,0,0,0,0,0,1,0,0,2,0,0,0,0,0,0,0,0
1,0,0,0,0,0,0,0,0,0,0,0,0,0,0,0,0,0,0,0,0,0,2,0,0,0,0,1,0,0,0,0,0,0,0,1,0,2,1
0,2,2,2,0,0,0,0,2,0,0,1,0,0,0,0,0,0,0,0,0,0,0,0,0,0,0,1,0,0,2,0,0,0,0,0,0,0,0
0,2,2,2,0,0,0,0,0,0,0,1,0,1,1,0,0,0,0,0,0,0,1,1,0,0,0,1,1,0,2,0,0,0,0,1,0,0,0
0,2,2,2,0,0,0,0,2,0,0,1,0,0,0,0,0,0,0,0,0,0,1,0,0,0,0,1,0,0,2,2,0,0,0,0,0,0,0
0,0,1,0,0,0,0,0,0,0,0,1,0,0,0,0,0,0,0,0,0,0,2,0,0,0,0,1,0,0,1,0,0,0,0,0,0,0,1
0,2,2,2,2,0,2,0,2,1,1,0,0,2,1,0,0,0,0,0,0,0,2,0,0,0,0,0,1,1,2,2,1,0,0,0,0,0,0
0,2,2,2,1,0,0,0,2,0,0,1,0,0,0,0,0,0,0,0,0,0,1,0,0,0,0,1,0,0,0,0,0,0,0,0,0,0,0
0,2,2,2,0,0,0,0,0,0,0,1,0,1,1,0,0,0,0,0,0,0,0,0,0,0,1,1,0,0,2,2,1,0,0,0,0,0,0
1,2,2,0,0,0,0,0,0,0,0,1,0,0,0,0,0,0,0,0,0,0,0,0,0,0,1,1,0,0,2,2,0,0,0,0,0,0,0
1,0,0,0,0,0,0,0,0,0,0,0,0,0,0,0,0,0,0,0,0,0,2,0,0,0,0,1,0,0,0,0,0,1,0,1,0,1,1
0,2,2,2,0,0,0,0,0,2,0,1,0,0,0,0,0,0,0,0,0,0,1,1,1,0,0,1,0,0,2,2,1,0,0,0,0,0,0
1,0,1,2,0,0,0,0,0,0,0,0,0,0,0,0,0,0,0,0,0,0,0,0,0,0,0,1,0,0,0,0,0,0,0,0,0,0,1
0,0,0,0,0,0,0,0,0,0,0,0,0,0,0,0,0,0,0,0,0,0,2,0,0,0,0,1,0,0,0,0,0,0,0,0,1,1,1
1,2,1,2,1,0,0,0,2,0,0,1,0,1,0,0,0,0,0,0,0,0,0,1,0,1,1,1,0,0,2,2,1,0,0,0,0,0,0
0,0,1,2,0,0,0,0,0,0,0,0,0,0,0,0,0,0,0,0,0,0,0,0,0,0,0,0,0,0,2,2,1,0,0,0,0,0,0
0,2,2,2,0,0,0,0,1,1,0,1,0,1,0,0,0,0,0,0,0,0,0,1,1,1,1,1,1,0,2,2,1,0,0,1,0,0,0
1,2,1,2,1,0,1,0,2,0,0,1,1,1,2,1,0,0,0,0,0,0,1,2,1,1,0,1,1,1,2,2,1,0,0,0,0,0,0
1,0,2,2,0,0,0,0,0,0,0,1,0,1,1,0,0,0,0,0,0,0,2,1,0,1,1,1,1,0,2,2,1,0,0,0,0,0,0
0,0,0,2,1,0,0,0,0,0,0,0,0,1,1,0,0,0,0,0,0,0,2,0,0,0,1,1,0,1,1,0,0,0,0,0,0,0,1
1,0,0,0,0,0,0,0,0,0,0,0,0,0,0,0,0,0,0,0,0,0,2,0,0,0,0,1,0,0,0,0,0,0,0,1,0,1,1
1,1,2,2,0,0,0,0,0,0,0,1,0,0,0,0,0,0,0,0,0,0,0,1,0,0,0,1,0,0,2,1,0,0,0,0,0,0,0
0,0,2,2,0,0,0,0,0,0,0,1,0,1,0,0,0,0,0,0,0,0,1,0,0,0,0,1,0,0,0,0,0,0,0,0,0,0,1
0,0,0,0,1,0,0,0,0,0,1,0,0,1,1,1,1,0,0,0,0,0,2,1,0,0,1,1,0,1,2,1,1,0,0,0,0,0,1
0,2,2,2,0,0,0,0,0,0,0,1,0,0,0,0,0,0,0,0,0,0,1,2,1,0,0,1,0,0,0,2,0,0,0,0,0,0,0
0,2,2,0,0,0,0,0,2,0,0,1,0,1,0,0,0,0,0,0,0,0,0,0,1,1,0,1,0,0,2,1,1,0,0,0,0,0,0
1,2,2,2,0,0,0,0,0,0,1,1,0,1,2,0,0,1,2,0,0,1,0,1,0,0,0,1,0,0,2,0,1,0,0,0,0,0,0
0,2,2,2,1,0,0,0,2,0,0,1,0,1,1,0,0,0,0,0,0,0,0,1,1,1,0,1,1,1,2,2,1,0,0,1,0,0,0
0,2,2,0,0,0,0,0,0,0,0,0,0,1,0,0,0,0,0,0,0,0,0,0,0,0,0,1,0,0,2,0,0,0,0,1,0,0,0
0,2,2,2,1,0,0,0,0,0,0,1,0,1,1,0,0,0,0,0,0,0,2,0,0,0,1,0,0,0,2,1,1,0,0,0,0,0,0
0,1,1,0,0,0,0,0,0,0,0,0,0,0,0,0,0,0,0,0,0,0,1,0,0,0,0,1,0,0,0,0,0,0,0,0,0,0,1
0,0,0,0,0,0,0,0,2,0,0,1,0,1,0,0,0,0,0,0,0,0,2,0,0,0,0,1,0,0,2,2,0,0,0,0,0,0,1
1,2,2,2,0,0,0,0,2,0,0,1,0,0,0,0,0,0,0,0,0,0,1,0,0,0,0,1,0,0,2,1,0,0,0,0,0,0,0
0,2,2,2,0,0,0,0,0,2,0,1,0,0,0,0,0,0,0,0,0,0,0,0,0,0,0,1,0,0,2,2,1,0,0,0,0,0,0
0,2,2,0,0,0,0,0,0,0,0,1,0,0,0,0,0,0,0,0,0,0,2,0,0,0,1,1,0,0,1,0,0,0,0,0,0,0,1
1,2,2,2,0,0,0,0,0,0,0,1,0,0,0,0,0,0,0,0,0,0,1,0,0,0,0,1,0,0,2,1,0,0,0,0,0,0,0
0,2,2,2,1,0,2,0,2,2,0,1,0,0,0,0,0,0,0,0,0,0,1,0,0,1,1,1,0,0,2,2,1,0,0,0,0,0,0
0,0,0,0,0,0,0,0,0,0,0,0,0,0,0,0,0,0,0,0,0,0,2,0,0,0,0,1,0,0,0,0,0,1,0,0,0,2,1
0,2,2,2,1,0,0,0,0,0,0,1,0,1,1,0,0,0,0,0,0,0,0,0,0,0,0,1,0,1,2,2,0,1,0,0,0,0,0
1,2,1,2,0,0,0,0,0,0,0,1,0,0,0,0,0,0,0,0,0,0,1,0,0,0,0,1,0,0,2,1,0,0,0,0,0,0,0
1,0,0,0,0,0,0,0,0,0,0,0,0,0,0,0,0,0,0,0,0,0,1,1,1,0,0,1,0,0,2,1,0,0,0,0,0,0,1
1,0,0,0,0,0,0,0,0,0,0,0,0,0,0,0,0,0,0,0,0,0,2,0,0,0,0,1,0,0,0,0,0,0,1,0,0,0,1
0,2,2,2,2,2,2,0,0,2,0,2,0,1,0,0,1,0,0,0,1,0,0,0,2,1,1,0,2,1,2,2,2,0,0,0,0,0,0
0,2,2,2,0,0,0,0,0,0,0,0,0,0,0,0,0,0,0,0,0,0,0,0,0,0,1,1,0,0,2,2,0,0,1,0,0,0,0
1,2,1,2,0,0,0,0,0,0,0,1,0,0,0,0,0,0,0,0,0,0,0,2,1,1,1,1,1,0,2,2,0,0,0,0,0,0,0
1,2,2,2,0,0,0,0,0,0,0,0,0,1,0,0,0,0,0,0,0,0,0,0,0,0,0,1,0,0,2,1,1,0,0,0,0,0,0
0,2,1,2,0,0,0,0,0,1,0,1,0,1,0,0,0,0,0,0,0,0,0,0,0,1,0,1,0,0,2,2,1,0,0,0,0,0,0
1,2,2,2,0,0,0,0,0,1,1,1,0,2,2,2,0,0,0,0,0,0,0,0,1,1,0,1,0,1,2,2,1,0,0,0,0,0,0
0,2,1,2,0,0,0,0,0,0,0,1,0,0,0,0,0,0,0,0,0,0,0,0,0,0,0,1,0,0,0,1,1,0,0,0,0,0,0
1,1,1,0,0,0,0,0,0,0,0,1,0,0,0,0,0,0,0,0,0,0,1,0,0,0,0,1,0,0,1,1,0,0,0,0,0,0,1
0,2,2,2,0,0,0,0,0,0,0,0,0,0,0,0,0,0,0,0,0,0,0,0,0,0,0,0,0,0,1,0,0,0,0,0,0,0,0
0,1,1,0,0,0,0,0,0,0,0,0,0,0,0,0,0,0,0,0,0,0,2,0,0,0,1,1,0,0,2,2,0,0,0,0,0,0,1
0,0,0,0,0,0,0,0,2,0,0,1,0,0,0,0,0,0,0,0,0,0,1,0,1,0,0,1,0,0,2,0,0,0,0,0,0,0,1
0,2,2,2,1,0,0,0,2,0,0,1,0,2,2,0,1,0,0,0,1,0,1,0,1,1,1,1,1,0,2,2,1,0,0,0,0,0,0
0,2,2,2,0,0,0,0,0,0,0,1,0,0,0,0,0,0,0,0,0,0,1,0,0,0,0,0,0,0,2,2,0,0,0,0,0,0,0
1,2,2,2,0,0,2,0,0,0,0,1,0,0,0,0,0,0,0,0,0,0,0,0,0,0,1,1,0,0,2,2,1,0,1,0,0,0,0
0,0,0,0,0,0,0,0,0,0,0,0,0,0,0,0,0,0,0,0,0,0,2,0,0,0,0,1,0,0,0,0,0,0,0,0,1,0,1
1,2,2,2,1,0,0,0,2,2,0,1,0,1,0,0,0,0,0,0,0,0,0,2,0,0,1,1,1,0,0,2,0,0,0,1,0,0,0
0,2,2,2,0,0,0,0,0,0,0,1,0,0,0,0,0,0,0,0,0,0,0,0,1,0,1,1,0,0,2,0,0,0,0,0,0,0,0
0,2,2,2,0,0,0,0,0,0,0,0,0,0,0,0,0,0,0,0,0,0,0,0,0,0,1,1,0,0,2,2,1,0,0,0,0,0,0
0,0,0,2,0,0,0,0,0,0,0,1,0,0,0,0,0,0,0,0,0,0,2,0,0,0,0,1,0,0,0,0,0,0,0,0,0,0,1
0,2,1,2,0,0,0,0,2,0,0,0,0,0,0,0,0,0,0,0,0,0,0,0,0,0,0,1,0,0,2,2,0,0,0,0,0,0,0
1,2,2,2,0,0,2,0,0,0,0,1,0,0,0,0,0,0,0,0,0,0,1,0,0,0,0,1,1,0,2,2,1,0,0,0,0,0,0
1,2,2,2,0,0,0,0,2,2,0,1,0,1,0,0,0,0,0,0,0,0,2,0,0,0,0,1,0,0,0,0,0,0,0,0,0,0,0
1,0,2,2,0,0,0,0,0,0,0,1,0,0,0,0,0,0,0,0,0,0,0,0,0,0,0,1,0,0,2,2,0,0,0,0,0,0,0
0,2,2,2,1,0,2,0,2,0,0,1,0,1,1,0,0,0,0,0,0,0,0,1,1,1,0,1,1,1,2,2,1,0,1,0,1,1,0
0,2,2,0,0,0,0,0,0,0,0,2,0,0,0,0,0,0,0,0,0,0,2,0,0,0,0,1,0,0,2,1,0,0,0,0,0,0,0
1,2,2,0,0,0,0,0,0,0,0,0,0,0,0,0,0,0,0,0,0,0,1,0,1,1,1,1,0,0,0,0,0,0,0,0,0,0,1
0,1,1,0,0,0,0,0,0,0,0,0,0,0,0,0,0,0,0,0,0,0,2,0,0,0,0,1,0,0,1,0,0,0,0,0,0,0,1
0,2,0,0,0,0,0,0,2,0,0,1,0,0,0,0,0,0,0,0,0,0,0,0,0,0,0,1,0,0,2,0,0,0,0,0,0,0,1
1,2,2,0,0,0,0,0,0,0,0,1,0,1,0,0,0,0,0,0,0,0,2,1,1,0,0,1,0,0,0,2,1,0,0,0,0,0,1
0,0,2,2,0,0,0,0,0,0,0,0,0,0,0,0,0,0,0,0,0,0,0,0,1,0,1,1,0,0,2,2,1,0,0,0,0,0,0
0,2,2,2,0,0,0,0,0,0,0,1,0,0,0,0,0,0,0,0,0,0,2,0,0,0,0,1,0,0,0,0,0,0,0,0,0,0,1
0,0,0,0,0,0,0,0,0,0,0,0,0,0,0,0,0,0,0,0,0,0,2,0,0,0,0,1,0,0,0,0,0,0,0,1,1,1,1
0,2,2,2,1,0,0,0,2,0,0,1,0,2,2,0,0,0,1,0,0,0,2,0,0,1,1,1,1,1,2,2,1,0,0,0,0,0,0
1,0,0,0,0,0,0,0,0,0,0,0,0,0,0,0,0,0,0,0,0,0,2,0,0,0,0,1,0,0,0,0,0,1,0,1,1,2,1
1,2,2,2,0,0,0,0,0,0,0,1,0,0,0,0,0,0,0,0,0,0,0,0,0,0,0,1,0,0,2,2,1,1,0,1,0,0,0
0,2,2,2,2,0,2,0,0,2,1,1,0,2,2,2,1,0,1,1,1,1,2,2,1,2,0,1,1,1,2,2,2,0,0,0,0,0,0
1,2,2,2,0,0,0,0,0,0,0,2,0,0,0,0,0,0,0,0,0,0,1,0,0,0,0,1,0,0,0,2,0,0,0,0,0,0,0
0,2,2,2,0,0,0,0,0,2,0,0,0,0,0,0,0,0,0,0,0,0,1,0,1,0,0,0,0,0,1,1,0,0,0,0,0,0,0
0,2,2,0,0,0,0,0,2,0,0,1,0,0,0,0,0,0,0,0,0,0,0,0,0,0,0,0,0,0,0,0,1,0,0,0,0,0,1
0,2,2,2,1,0,0,0,0,0,0,0,0,1,1,0,0,0,0,0,0,0,0,2,0,1,1,0,1,0,2,2,0,0,0,0,0,0,0
0,0,0,2,0,0,0,0,0,0,0,1,0,0,0,0,0,0,0,0,0,0,0,0,0,0,0,1,0,0,2,2,0,0,0,0,0,0,1
0,0,2,0,1,0,0,0,0,0,0,1,0,1,0,0,0,0,0,0,0,0,0,0,1,0,0,1,0,0,2,2,1,0,0,1,0,0,0
0,2,2,2,0,0,0,0,0,0,0,1,0,1,0,0,0,0,0,0,0,0,0,0,1,0,0,1,0,0,0,0,0,0,0,0,0,0,0
0,2,2,0,1,0,0,0,2,0,0,1,0,2,2,0,1,0,0,0,0,0,1,0,1,0,0,1,0,1,2,1,0,0,0,0,0,0,0
1,2,1,2,0,0,0,0,0,0,0,1,0,0,0,0,0,0,0,0,0,0,0,0,0,0,1,1,0,0,2,2,0,0,0,0,0,0,0
1,2,2,2,0,0,0,0,0,0,0,0,0,0,0,0,0,0,0,0,0,0,1,0,0,0,0,1,0,0,2,0,0,0,0,2,0,0,0
0,2,2,2,2,0,0,0,0,1,0,1,1,1,1,0,0,0,0,0,0,0,2,0,0,0,0,1,0,0,2,1,0,0,0,0,0,2,0
0,2,2,2,0,0,2,0,0,0,0,1,0,0,0,0,0,0,0,0,0,0,0,0,0,1,1,1,1,0,2,2,1,0,0,0,0,0,0
1,2,2,2,2,0,2,0,2,2,1,1,0,1,1,0,0,0,0,0,1,0,0,2,2,1,1,0,1,1,2,2,1,2,1,1,1,0,0
0,2,2,2,0,0,0,0,0,0,0,1,0,2,2,0,0,0,0,0,0,0,1,0,0,0,1,1,1,0,2,2,1,0,0,1,2,0,0
0,0,0,0,0,0,0,0,0,0,0,0,0,0,0,0,0,0,0,0,0,0,0,0,0,0,0,1,0,0,2,2,0,0,0,1,0,0,1
0,2,2,2,0,0,0,0,0,0,0,0,0,0,0,0,0,0,0,0,0,0,1,0,0,0,0,1,0,0,0,0,0,0,0,0,0,0,1
1,2,2,2,0,0,0,0,0,2,0,1,0,0,0,0,0,0,0,0,0,0,0,0,0,0,0,1,0,0,2,2,1,0,0,0,0,0,0
0,2,2,2,1,0,0,0,0,2,0,1,0,2,1,0,0,0,0,0,0,0,0,0,1,1,1,1,1,1,2,2,1,0,1,0,0,0,0
0,2,1,2,1,0,0,0,1,0,0,0,0,1,0,0,0,0,0,0,1,0,1,0,0,0,0,1,0,0,2,2,0,0,0,0,0,0,0
0,2,2,2,1,0,2,0,0,2,0,0,0,2,2,0,0,0,0,0,0,0,1,0,0,0,0,1,0,0,2,2,0,0,0,0,0,0,0
0,2,2,2,0,0,2,0,2,2,0,1,0,2,2,2,0,0,1,0,2,0,1,1,2,1,1,1,1,1,2,2,1,0,0,0,0,0,0
0,0,0,2,0,0,0,0,0,0,0,1,0,0,0,0,0,0,0,0,0,0,0,0,0,0,0,1,0,0,2,1,0,0,0,0,0,0,1
0,0,0,0,0,0,0,0,0,0,0,0,0,0,0,0,0,0,0,0,0,0,2,0,0,0,0,1,0,0,0,0,0,0,0,0,0,2,1
0,1,1,2,0,0,0,0,0,0,0,1,0,0,0,0,0,0,0,0,0,0,2,0,0,0,0,1,0,0,0,0,0,0,0,0,0,0,1
0,2,2,2,0,0,0,0,0,0,0,0,0,1,0,0,0,0,0,0,0,0,0,0,0,0,0,1,0,1,2,0,0,1,1,0,0,0,0
1,2,2,2,1,0,2,0,2,2,0,2,0,2,2,0,0,1,0,0,1,0,0,1,1,1,1,1,1,1,2,2,1,0,0,0,0,0,0
0,0,0,0,0,0,0,0,0,0,0,0,0,0,0,0,0,0,0,0,0,0,2,0,0,0,0,1,0,0,0,0,0,1,0,1,0,0,1
0,0,0,0,0,0,0,0,0,0,0,0,0,0,0,0,0,0,0,0,0,0,0,0,0,0,0,1,0,0,2,2,0,0,0,0,0,0,1
0,0,0,0,0,0,0,0,0,0,0,0,0,0,0,0,0,0,0,0,0,0,2,0,0,0,0,1,0,0,0,0,1,0,0,0,0,0,1
0,0,0,0,1,0,0,0,0,0,0,0,0,1,0,0,0,0,0,0,0,0,0,1,0,0,0,0,0,0,2,2,0,0,0,0,0,0,1
0,2,2,2,0,0,2,0,0,0,0,0,0,0,0,0,0,0,0,0,0,0,1,0,0,0,0,1,1,0,2,2,1,0,0,0,0,0,0
0,2,2,2,0,0,2,0,2,2,0,1,0,1,1,0,0,0,0,0,0,0,0,2,2,1,1,0,0,0,2,2,1,1,1,0,1,2,0
0,2,2,2,0,0,2,0,0,0,0,1,0,0,0,0,0,0,0,0,0,0,0,0,0,0,1,1,1,0,2,2,1,0,0,0,0,0,0
0,0,0,0,0,0,0,0,0,0,0,0,0,0,0,0,0,0,0,0,0,0,2,0,0,0,0,1,0,0,0,0,1,1,0,1,0,0,1
1,0,0,0,0,0,0,0,0,0,0,1,0,0,0,0,0,0,0,0,0,0,2,0,0,0,0,1,0,0,0,2,0,0,0,0,0,0,1
0,2,0,2,0,0,0,0,0,0,0,0,0,0,0,0,0,0,0,0,0,0,0,0,0,0,0,1,0,0,0,0,0,0,0,0,0,0,1
0,2,2,2,1,0,0,0,0,0,0,1,0,1,0,0,0,0,0,0,0,0,0,1,1,1,1,1,1,0,2,2,1,1,0,1,0,0,0
0,0,0,2,1,0,0,0,0,0,0,0,0,1,1,0,0,0,0,0,0,0,2,2,1,1,1,0,1,0,0,1,1,1,0,0,0,0,1
0,2,2,2,0,0,0,0,0,0,0,1,0,0,0,0,0,0,0,0,0,0,1,1,0,0,0,0,0,0,2,1,0,0,0,0,0,0,0
0,2,2,2,0,0,0,0,0,0,0,1,0,1,0,0,0,0,0,0,0,0,0,0,0,0,1,1,0,0,2,2,0,0,0,0,0,0,0
1,2,0,2,0,0,0,0,2,0,0,1,0,0,0,0,0,0,0,0,0,0,0,0,1,0,0,1,1,1,2,2,0,0,0,0,0,0,0
1,2,2,2,0,0,0,0,0,0,0,1,0,0,0,0,0,0,0,0,0,0,0,2,1,1,1,1,0,0,2,2,1,0,0,1,0,0,0
0,2,2,2,0,0,1,0,0,0,0,1,0,2,2,0,0,0,0,0,0,0,0,2,1,1,0,1,2,0,2,2,1,0,0,0,0,0,0
0,2,2,2,0,0,0,0,0,0,0,1,0,1,0,0,0,0,0,1,0,0,1,1,0,1,0,1,0,0,2,2,0,0,0,0,0,0,0
1,2,1,2,0,0,0,0,0,1,0,1,0,0,0,0,0,0,0,0,0,0,0,1,0,1,0,1,0,0,1,1,1,0,0,0,0,0,0
1,2,2,2,1,0,0,0,1,1,0,1,0,2,2,0,0,0,0,0,0,0,0,1,1,1,1,1,1,0,2,2,1,1,0,0,0,1,0
0,2,0,2,0,0,0,0,2,0,0,1,0,0,0,0,0,0,0,0,0,0,0,0,1,0,0,1,1,1,2,2,0,0,0,0,0,0,0
0,2,2,2,0,0,0,0,0,0,0,1,0,1,0,0,0,0,0,0,0,0,0,1,1,1,1,1,0,0,2,2,1,0,0,1,0,0,0
0,2,0,0,0,0,0,0,0,0,0,0,0,0,0,0,0,0,0,0,0,0,2,0,0,0,0,1,0,0,2,1,0,0,0,0,0,0,1
0,2,2,2,2,0,2,0,2,0,0,1,0,2,1,0,0,0,0,0,2,0,1,2,0,1,1,0,2,0,2,2,0,1,0,0,0,0,0
1,0,0,0,0,0,0,0,0,0,0,0,0,0,0,0,0,0,0,0,0,0,0,0,0,0,0,0,0,0,2,2,0,0,0,0,0,0,1
0,2,1,2,0,0,0,0,0,0,0,0,0,1,0,0,0,0,0,0,0,0,0,0,0,0,0,1,0,0,2,2,0,0,0,0,0,0,0
0,0,0,0,0,0,0,0,0,0,0,0,0,0,0,0,0,0,0,0,0,0,0,0,1,1,1,0,0,0,1,1,0,0,0,0,0,0,1
0,2,2,0,1,0,0,0,0,0,0,0,0,2,1,0,1,0,0,0,1,1,0,0,1,0,0,0,0,0,2,1,1,1,0,0,0,1,0
1,0,2,2,0,0,0,0,0,0,0,0,0,0,0,0,0,0,0,0,0,0,1,1,0,0,0,0,0,0,2,2,1,0,0,0,0,0,0
1,2,2,2,0,0,0,0,0,0,0,1,0,0,0,0,0,0,0,0,0,0,0,1,0,1,1,1,1,0,2,2,1,0,0,0,0,0,0
1,2,2,2,1,0,2,0,0,0,0,1,0,1,0,0,0,0,0,0,0,0,1,1,0,0,1,1,0,0,2,1,2,0,0,0,0,0,0
1,0,0,0,0,0,0,0,0,0,0,0,0,0,1,0,0,0,0,0,0,0,0,0,0,0,0,1,0,0,2,0,0,0,0,0,0,0,1
0,2,2,0,0,0,0,0,0,0,0,0,0,1,0,0,0,0,0,0,0,0,2,0,1,1,1,0,0,0,1,0,1,1,1,0,0,0,1
0,2,2,2,0,0,0,0,1,0,0,1,0,0,0,0,0,0,0,0,0,0,1,0,0,1,1,1,0,0,2,2,1,0,0,1,0,0,0
0,2,1,2,2,0,2,0,2,0,0,0,0,1,0,0,0,0,0,0,0,0,0,0,0,0,0,0,0,0,0,1,0,0,0,0,0,0,0
0,2,2,2,2,0,0,0,2,2,0,1,0,1,1,0,0,0,0,0,2,0,1,0,1,0,0,0,0,1,2,2,1,0,1,0,0,0,0
1,2,0,2,0,0,0,0,0,0,0,1,0,0,0,0,0,0,0,0,0,0,1,0,0,0,0,1,0,0,0,0,0,0,0,0,0,0,1
1,2,0,2,1,0,1,0,2,2,0,1,0,2,2,0,0,0,0,0,1,0,2,2,0,1,2,1,0,0,2,2,1,1,0,1,0,0,0
0,0,0,2,1,0,0,0,0,0,0,1,0,0,0,0,0,0,0,0,0,0,2,2,0,0,0,1,0,0,2,2,0,0,0,0,0,0,1
0,2,2,2,1,0,0,0,0,0,0,1,0,1,0,0,0,0,0,0,0,0,0,1,1,1,1,1,1,0,2,2,1,0,0,1,0,0,0
0,2,1,2,0,0,0,0,0,0,0,0,0,0,0,0,0,0,0,0,0,0,0,0,0,0,0,1,0,0,2,2,1,0,0,0,0,0,0
0,0,2,0,0,0,0,0,0,0,0,1,0,0,0,0,0,0,0,0,0,0,0,0,0,0,1,1,0,0,2,2,0,0,0,0,0,0,0
0,2,0,2,1,0,0,0,0,0,0,0,0,0,0,0,0,0,0,0,0,0,0,0,1,1,0,1,0,0,2,0,0,0,0,0,0,0,0
1,2,2,2,0,0,0,0,0,0,0,1,0,0,0,0,0,0,0,0,0,0,1,1,1,1,1,0,0,0,2,2,0,1,0,1,0,0,0
1,2,2,2,1,0,0,0,0,0,0,0,0,2,1,0,0,0,0,0,0,0,2,2,0,0,0,1,0,0,2,0,0,0,0,0,0,0,0
0,0,0,2,0,0,0,0,0,0,0,1,0,1,2,2,1,0,0,0,0,0,0,0,0,0,1,1,1,0,1,2,1,0,0,0,0,0,0
0,2,2,2,1,0,0,0,2,0,0,1,0,0,1,0,0,0,0,0,0,0,0,2,1,1,1,1,0,0,2,2,1,0,0,1,0,0,0
0,2,2,2,1,0,0,0,1,1,0,1,0,2,0,0,0,0,0,0,0,0,1,1,0,0,0,1,0,0,2,2,1,0,0,0,0,0,0
1,2,2,2,0,0,0,0,0,0,0,1,0,0,0,0,0,0,0,0,0,0,0,0,0,0,0,1,0,0,0,2,0,0,0,0,0,0,0
0,1,0,2,0,0,0,0,0,0,0,0,0,0,0,0,0,0,0,0,0,0,0,0,0,0,0,0,0,0,0,0,0,0,0,0,0,0,1
0,2,2,2,0,0,0,0,0,0,0,1,0,0,0,0,0,0,0,0,0,0,0,2,1,1,1,1,0,0,2,2,1,0,0,1,0,0,0
0,2,1,2,0,0,0,0,0,0,0,1,0,1,0,0,0,0,0,0,0,0,1,1,0,1,0,1,0,0,0,0,0,1,0,0,0,0,1
0,2,2,2,0,0,0,0,0,0,0,2,0,0,0,0,0,0,0,0,0,0,1,0,0,0,0,1,0,0,0,2,0,0,0,0,0,0,0
0,1,2,2,0,0,0,0,0,0,0,0,0,0,0,0,0,0,0,0,0,0,0,0,0,0,0,1,0,0,2,1,0,0,0,0,0,0,0
0,2,2,2,0,0,0,0,0,0,0,1,0,0,0,0,0,0,0,0,0,0,0,0,0,1,1,1,0,0,2,0,0,1,0,1,0,0,0
0,2,2,2,0,0,0,0,0,1,0,1,0,1,1,0,0,0,0,0,0,0,1,0,0,0,0,1,0,0,2,2,1,0,0,0,0,0,0
0,2,0,2,0,0,0,0,0,0,0,0,0,1,0,0,0,0,0,0,0,0,0,0,0,0,0,1,0,0,2,2,0,0,0,0,0,0,0
0,2,2,2,0,0,0,0,0,0,0,1,0,1,0,0,0,0,0,0,0,0,2,0,0,1,1,1,1,0,2,2,1,0,0,0,0,0,0
1,1,2,2,0,0,0,0,0,0,0,0,0,0,0,0,0,0,0,0,0,0,0,0,0,0,1,1,0,0,2,2,0,0,0,0,0,0,0
1,2,1,0,0,0,0,0,0,0,0,1,0,0,0,0,0,0,0,0,0,0,0,0,0,0,0,1,0,0,1,0,0,0,0,1,1,0,1
0,2,2,2,0,0,0,0,0,0,0,1,0,0,0,0,0,0,0,0,0,0,0,0,0,0,0,1,0,0,2,0,0,0,0,0,0,0,0
0,1,2,2,1,0,0,0,1,0,0,0,0,2,2,0,0,0,0,0,0,0,2,0,0,0,0,1,0,0,1,2,1,0,0,0,0,0,0
1,2,2,2,0,0,0,0,2,0,0,0,0,2,1,0,0,0,0,0,0,0,0,1,0,1,1,1,1,0,2,2,1,0,0,0,0,0,0
0,2,1,2,0,0,0,0,0,0,0,1,0,1,0,0,0,0,0,0,0,0,1,0,0,0,1,0,0,0,2,1,0,0,0,0,0,0,0
0,0,0,0,0,0,0,0,0,0,0,0,0,0,0,0,0,0,0,0,0,0,0,0,0,0,0,1,0,0,1,1,0,0,0,0,0,0,1
0,2,2,2,0,0,0,0,0,0,0,1,0,1,0,0,0,0,0,0,0,0,0,0,1,1,1,1,0,0,2,2,0,0,0,1,0,0,0
0,2,2,2,0,0,0,0,0,0,0,0,0,0,0,0,0,0,0,0,0,0,1,0,0,0,0,1,0,0,2,0,0,0,0,2,0,0,0
0,1,2,2,1,0,0,0,0,0,0,1,0,1,0,0,0,0,0,0,0,0,0,0,0,0,0,1,0,0,1,1,0,0,0,1,0,0,0
1,2,2,2,0,0,2,0,0,0,0,1,0,1,0,0,0,0,0,0,0,0,0,0,0,1,1,1,1,0,2,2,1,0,2,0,1,0,0
0,0,0,0,0,0,0,0,0,0,0,0,0,0,0,0,0,0,0,0,0,0,2,0,0,0,0,1,0,0,0,1,0,0,0,0,0,0,1
0,2,0,2,1,0,2,0,2,0,0,0,0,0,0,0,0,0,0,0,0,0,0,1,1,1,0,1,0,0,0,0,0,0,0,0,0,0,1
0,2,2,2,0,0,0,0,2,2,0,1,0,1,0,0,0,2,0,0,0,0,0,2,1,1,1,0,1,1,2,2,1,0,2,2,0,0,0
1,0,0,0,0,0,0,0,0,0,0,0,0,0,0,0,0,0,0,0,0,0,0,0,0,0,0,1,0,0,2,0,0,0,0,0,0,0,1
1,0,2,2,0,0,0,0,0,0,0,1,0,0,0,0,0,0,0,0,0,0,0,0,0,0,0,1,1,0,2,2,1,0,0,0,0,0,0
0,2,2,2,1,0,2,0,2,2,0,1,0,2,1,0,0,0,0,0,0,0,0,0,1,1,1,1,1,0,2,2,1,1,0,0,1,0,0
1,0,2,2,0,0,0,0,0,2,0,1,0,0,0,0,0,0,0,0,0,0,2,0,0,0,0,1,0,0,0,0,1,0,0,0,0,0,1
1,2,2,0,0,0,0,0,0,0,0,1,0,0,0,0,0,0,0,0,0,0,2,0,0,0,1,1,0,0,1,0,0,0,0,0,0,0,1
0,2,2,0,1,0,1,0,0,0,1,0,0,2,2,1,1,2,1,1,1,0,2,0,1,1,1,1,1,1,2,2,1,0,0,0,0,0,0
1,2,2,2,0,0,0,0,0,0,0,1,0,0,0,0,0,0,0,0,0,0,0,0,0,0,0,1,0,0,2,2,1,0,0,0,0,0,0
0,2,2,2,0,0,2,0,0,2,0,1,0,0,0,0,0,0,0,0,0,0,1,0,1,1,1,1,0,0,2,2,1,0,0,0,0,0,0
1,2,2,2,0,0,0,0,0,0,0,0,0,1,0,0,0,0,0,0,0,0,0,0,0,0,0,1,0,0,2,2,0,0,0,0,0,0,0
1,2,2,2,1,0,0,0,2,2,0,1,0,1,2,0,0,0,1,0,0,0,0,2,2,1,1,1,1,0,2,2,0,0,0,0,0,0,0
1,2,2,2,1,0,0,0,0,1,0,1,0,0,0,0,0,0,0,0,0,0,0,0,1,1,1,1,0,1,2,2,1,0,0,0,0,0,0
1,2,2,2,0,0,1,0,0,0,0,1,0,2,2,0,0,0,0,0,0,0,0,0,0,1,1,1,0,0,2,2,1,0,0,1,1,1,0
0,0,0,0,0,0,0,0,0,0,1,2,0,0,0,0,0,0,0,0,0,0,2,0,0,0,0,1,0,0,0,0,0,2,0,1,1,0,1
1,2,0,0,0,0,0,0,0,0,0,0,0,0,0,0,0,0,0,0,0,0,2,0,0,0,0,1,0,0,2,1,0,0,0,0,0,0,1
1,0,2,2,0,0,0,0,0,0,0,1,0,1,0,0,0,0,0,0,0,0,1,2,0,1,1,1,0,0,2,2,0,0,0,0,0,0,0
1,2,2,2,0,0,2,0,0,0,0,1,0,0,0,0,0,0,0,0,0,0,0,0,0,0,0,1,0,0,2,2,1,0,0,0,0,0,0
1,2,2,2,0,0,0,0,0,0,0,1,0,0,0,0,0,0,0,0,0,0,1,0,0,0,0,1,0,0,2,2,0,0,0,1,0,0,0
0,2,1,2,0,0,0,0,2,0,0,1,0,0,0,0,0,0,0,0,0,0,0,1,0,0,0,1,0,0,2,0,0,0,0,0,0,0,0
0,1,0,2,1,0,1,0,2,0,0,0,0,0,0,0,0,0,0,0,0,0,0,1,1,0,0,0,1,0,2,0,0,0,0,0,0,0,0
0,2,2,2,1,0,0,0,0,0,0,1,0,0,0,0,0,0,0,0,0,0,0,0,0,0,0,1,0,0,2,2,1,0,0,0,0,0,0
0,1,1,2,0,0,0,0,0,0,0,1,0,0,0,0,0,0,0,0,0,0,1,0,0,0,0,1,0,0,2,1,1,0,0,0,1,0,0
1,2,2,2,2,1,0,0,2,0,0,1,0,0,0,0,0,0,0,0,0,0,0,1,1,0,0,1,0,0,2,2,0,1,0,0,0,0,0
1,2,0,2,0,0,0,0,0,0,0,0,0,0,0,0,0,0,0,0,0,0,0,0,0,0,0,0,1,0,1,0,0,0,0,0,0,0,1
0,0,1,2,0,0,0,0,0,0,0,1,0,1,0,0,0,0,0,0,0,0,2,0,1,0,0,0,1,0,1,1,0,0,0,0,0,0,1
1,2,0,2,0,0,0,0,0,0,0,0,0,0,0,0,0,0,0,0,0,0,0,0,0,0,0,0,0,0,2,2,0,0,0,0,0,0,0
1,1,2,2,0,0,0,0,0,0,0,0,0,0,0,0,0,0,0,0,0,0,2,0,0,0,0,1,0,0,2,2,0,1,1,0,0,0,0
1,0,0,0,0,0,0,0,0,0,0,0,0,0,0,0,0,0,0,0,0,0,2,0,0,0,0,1,0,0,0,0,0,1,0,1,0,0,1
1,2,2,2,0,0,0,0,0,2,0,2,0,0,0,0,0,0,0,0,0,0,0,0,0,0,1,1,0,0,2,2,0,1,1,0,0,0,0
1,2,2,2,1,0,0,0,0,0,0,1,0,1,1,0,0,0,0,0,0,0,0,0,1,1,1,1,0,1,2,2,1,0,0,0,0,0,0
1,2,2,2,1,0,0,0,2,0,0,1,0,1,1,0,0,0,0,0,0,0,0,0,1,1,0,0,1,0,2,1,0,0,0,1,0,0,0
0,2,2,2,1,0,0,0,1,0,0,1,1,2,1,0,0,0,0,0,0,0,2,0,1,1,1,1,1,1,2,2,1,0,0,0,0,0,0
0,1,2,2,1,0,0,0,0,1,0,1,0,1,1,0,0,0,0,0,0,0,0,0,0,0,0,1,0,0,2,2,1,1,0,0,0,0,0
0,1,2,2,0,0,0,0,0,0,0,0,0,0,0,0,0,0,0,0,0,0,1,0,0,0,0,1,0,0,2,1,0,0,0,0,0,0,0
0,0,0,0,0,0,0,0,0,0,0,0,0,0,0,0,0,0,0,0,0,0,2,0,0,0,0,1,0,0,0,2,1,0,0,0,0,0,1
0,2,2,2,1,0,2,0,2,0,0,1,0,1,0,0,0,0,0,0,0,0,0,0,1,1,1,1,1,1,2,2,1,0,1,0,0,0,0
0,2,2,2,0,0,0,0,0,0,0,0,0,0,0,0,0,0,0,0,0,0,2,0,0,0,0,1,0,0,2,1,0,0,0,0,0,0,0
1,1,0,2,1,0,1,0,0,0,0,1,0,1,0,0,0,0,0,0,2,0,1,0,1,1,1,0,1,0,1,0,0,0,0,0,0,0,1
0,0,0,0,0,0,0,0,0,0,0,0,0,0,0,0,0,0,0,0,0,0,2,0,0,0,0,1,0,0,2,1,0,0,0,1,0,0,1
1,0,0,0,0,0,0,0,0,0,0,0,0,0,0,0,0,0,0,0,0,0,2,0,0,0,0,1,0,0,0,0,0,2,0,1,1,2,1
0,2,2,2,0,0,0,0,0,0,0,1,0,1,0,0,0,0,0,0,0,0,0,0,1,1,1,1,1,0,2,2,1,0,0,1,0,0,0
1,2,2,2,1,0,0,0,0,0,0,1,0,0,0,0,0,0,0,0,0,0,0,0,0,0,0,1,0,0,2,2,0,0,1,0,0,0,0
1,2,2,2,1,0,0,0,0,0,0,1,0,2,0,0,0,0,0,0,0,0,0,0,0,0,0,1,0,0,2,2,0,0,0,0,0,0,0
1,2,2,2,0,0,0,0,0,2,0,1,0,1,0,0,0,0,0,0,0,0,0,0,0,0,0,1,0,0,2,2,1,0,0,0,0,0,0
1,2,0,2,0,0,1,0,0,0,0,0,0,1,0,0,0,0,0,0,0,0,0,0,0,0,0,0,0,0,0,0,0,0,0,0,0,0,1
1,2,2,2,1,0,0,0,0,0,0,1,0,1,0,0,0,0,0,0,0,0,0,1,0,0,1,1,1,0,2,2,0,0,0,1,0,0,0
0,2,2,0,0,0,0,0,2,0,0,1,0,1,0,0,0,0,0,0,0,0,0,0,1,0,0,0,0,0,2,0,1,1,0,0,0,0,0
0,2,2,2,0,0,0,0,2,2,0,1,0,1,0,0,0,0,0,0,0,0,2,0,0,0,0,1,0,0,0,0,0,0,0,0,0,0,0
0,2,2,2,0,0,0,0,0,0,0,1,0,0,0,0,0,0,0,0,0,0,2,2,0,0,0,1,0,0,2,1,0,0,0,0,0,0,0
0,2,2,2,0,0,0,0,0,0,0,0,0,0,0,0,0,0,0,0,0,0,2,0,0,0,0,1,0,0,0,0,0,0,0,1,0,0,1
0,2,2,2,0,0,0,0,0,0,0,1,0,0,0,0,0,0,0,0,0,0,1,0,1,0,0,1,0,0,2,1,0,0,0,0,0,0,0
1,2,2,2,1,0,0,0,0,0,0,1,0,0,0,0,0,0,0,0,0,0,0,0,0,1,1,1,0,0,2,2,1,0,0,0,0,0,0
1,2,2,2,0,0,0,0,0,0,0,0,0,0,0,0,0,0,0,0,0,0,1,0,0,0,0,1,0,0,2,0,0,0,0,1,0,0,0
1,2,2,2,0,0,0,0,0,0,0,0,0,2,0,0,0,0,0,0,0,0,0,1,2,1,1,0,0,1,2,1,0,0,0,1,0,0,0
0,2,2,2,2,0,2,0,2,2,0,1,0,1,1,0,0,0,0,0,0,0,0,0,1,1,1,1,1,1,2,2,1,0,0,0,0,0,0
0,2,2,2,0,0,0,0,0,0,0,1,0,1,0,0,0,0,0,0,0,0,0,0,0,0,0,1,0,0,2,2,0,0,0,0,0,0,0
0,2,2,0,0,0,0,0,0,0,0,1,0,1,0,0,0,0,0,0,0,0,1,0,0,0,0,1,1,0,0,0,0,0,0,0,0,0,1
0,2,2,2,1,0,0,0,2,0,0,0,0,2,1,0,0,0,0,0,0,0,0,0,2,2,0,0,0,1,2,2,1,0,0,0,0,0,0
1,2,2,2,2,0,0,0,1,0,0,1,0,2,2,1,0,0,0,0,0,0,1,1,2,1,1,1,1,1,2,2,2,0,0,0,0,0,0
0,2,2,2,1,0,0,0,0,2,0,1,0,2,2,0,0,0,0,0,0,0,1,1,1,1,1,1,1,1,2,1,1,0,0,0,0,0,0
1,0,0,0,0,0,0,0,0,0,0,1,0,0,0,0,0,0,0,0,0,0,2,0,0,0,0,1,0,0,0,0,0,0,0,0,0,0,1
0,2,2,2,0,0,0,0,0,0,0,1,0,1,0,0,0,0,0,0,0,0,0,0,0,1,1,1,0,0,2,0,1,0,0,0,0,0,0
0,1,2,2,0,0,0,0,0,0,0,1,0,0,0,0,0,0,0,0,0,0,0,0,0,0,0,1,1,0,2,1,0,0,0,0,0,0,0
0,1,2,2,0,0,0,0,0,0,0,1,0,0,0,0,0,0,0,0,0,0,0,1,0,0,0,1,0,0,2,1,0,0,0,0,0,0,0
0,0,0,0,0,0,0,0,0,0,0,1,0,2,1,0,0,0,1,0,1,0,1,1,1,0,0,0,0,1,2,2,1,0,0,1,0,0,1
0,2,2,2,1,0,0,0,0,0,0,0,0,0,0,0,0,0,0,0,0,0,2,0,1,0,0,1,0,0,2,2,0,0,1,0,0,0,0
0,2,2,2,0,0,0,0,0,0,0,1,0,0,0,0,0,0,0,0,0,0,1,2,0,0,1,1,0,0,2,2,0,0,0,0,0,0,0
0,2,2,2,0,0,0,0,0,0,0,1,0,0,0,0,0,0,0,0,0,0,1,0,0,0,0,1,1,0,2,2,1,1,0,0,0,0,0
0,1,2,2,1,0,0,0,0,2,0,2,0,0,1,0,0,0,0,0,0,0,0,1,1,1,1,1,0,0,2,2,1,0,0,0,0,0,0
1,2,2,2,1,0,0,0,0,0,0,1,0,1,1,0,0,0,0,0,0,0,0,0,1,0,1,1,1,0,2,2,1,0,0,1,0,0,0
0,2,1,2,0,0,0,0,0,0,0,1,0,0,0,0,0,0,0,0,0,0,0,2,1,1,1,1,1,0,2,2,0,0,0,0,0,0,0
1,2,2,2,0,0,0,0,0,0,0,0,0,0,0,0,0,0,0,0,0,0,0,0,0,0,0,1,0,0,1,1,0,0,0,0,0,0,0
1,2,2,2,0,0,0,0,0,0,0,1,0,2,2,0,0,0,0,0,0,0,1,0,0,0,1,1,0,0,2,2,0,0,0,0,0,0,0
1,2,2,2,0,0,0,0,0,0,0,1,0,1,1,0,0,0,0,0,0,0,0,0,0,0,0,1,0,0,2,2,0,0,0,0,0,0,0
0,2,2,1,2,0,2,0,2,1,0,1,0,1,1,0,2,0,1,0,1,0,0,2,2,1,1,1,1,1,0,0,0,0,0,0,0,0,0
1,0,0,0,0,0,0,0,0,0,0,0,0,0,0,0,0,0,0,0,0,0,2,0,0,0,0,1,0,0,0,0,0,0,0,1,1,1,1
1,2,2,2,1,0,0,0,0,0,0,1,0,0,0,0,0,0,0,0,0,0,0,0,1,1,0,1,0,0,2,2,1,1,0,1,0,0,0
0,2,2,2,1,0,0,0,0,0,0,1,0,1,0,0,0,0,0,0,0,0,0,0,0,0,0,1,0,0,1,1,1,0,0,0,0,0,0
0,2,2,2,1,0,1,0,2,0,0,0,0,2,1,0,0,0,2,0,0,0,0,2,1,1,1,0,1,1,0,2,1,2,0,1,0,0,0
0,1,2,0,0,0,0,0,0,0,0,0,0,0,0,0,0,0,0,0,0,0,0,0,0,0,0,1,0,0,2,1,0,0,0,1,0,0,1
1,2,2,2,1,0,0,0,1,0,0,1,0,0,0,0,0,0,0,0,0,0,0,0,0,0,0,1,0,0,2,2,0,0,0,0,0,0,0
1,1,2,2,0,0,0,0,0,0,0,0,0,0,0,0,0,0,0,0,0,0,1,0,0,0,0,1,0,0,1,1,0,0,1,0,0,0,0
1,2,2,2,0,0,0,0,0,2,0,1,0,0,0,0,0,0,0,0,0,0,0,0,0,0,0,1,0,0,1,2,0,1,0,0,0,0,0
0,0,0,0,0,0,0,0,0,0,0,0,0,0,0,0,0,0,0,0,0,0,0,0,0,0,0,1,0,1,0,2,0,0,0,1,0,0,1
0,2,2,2,0,0,0,0,0,0,0,0,0,0,0,0,0,0,0,0,0,0,0,0,0,0,0,1,0,0,1,0,0,0,0,0,0,0,0
1,2,2,2,0,0,0,0,0,0,0,1,0,0,0,0,0,0,0,0,0,0,1,0,0,0,0,1,0,0,2,2,0,0,0,0,0,0,0
0,2,2,2,1,0,0,0,0,0,0,1,0,0,0,0,0,0,0,0,0,0,2,0,0,0,0,1,0,0,2,1,1,0,0,0,0,0,0
1,2,2,2,0,0,2,0,0,2,0,1,0,0,0,0,0,0,0,0,0,0,0,0,0,1,1,1,0,0,2,2,1,0,0,0,0,0,0
0,2,2,2,0,0,1,0,0,1,0,2,0,0,0,0,0,0,0,0,0,0,0,0,2,0,0,1,0,0,0,0,1,0,0,0,0,0,0
1,2,2,2,0,0,0,0,0,0,0,1,0,1,0,0,0,0,0,0,0,0,0,0,0,0,1,0,1,0,2,1,0,0,0,0,0,0,0
0,2,2,0,1,0,2,0,1,0,0,0,0,2,2,0,0,0,0,0,0,0,0,0,2,0,1,1,1,0,2,1,0,0,0,0,0,0,0
1,0,0,0,0,0,0,0,0,0,0,0,0,0,0,0,0,0,0,0,0,0,1,1,1,0,1,1,0,0,2,1,0,1,0,0,0,0,1
0,2,2,2,0,0,0,0,0,0,0,1,0,1,0,0,0,0,0,0,0,0,0,0,0,0,0,1,1,0,2,2,1,0,0,0,0,0,0
1,0,0,0,0,0,0,0,0,0,0,1,0,1,1,0,0,0,0,0,0,0,2,0,0,0,0,0,0,0,1,2,0,0,0,0,0,0,1
1,2,2,2,1,0,2,1,1,1,0,2,1,2,2,1,0,0,1,1,0,0,0,2,2,1,1,1,2,0,0,2,2,1,0,0,1,1,0
0,2,2,2,0,0,0,0,0,0,0,0,0,1,0,0,0,0,0,0,0,0,0,0,1,0,0,1,1,0,2,2,1,0,0,1,0,0,0
1,1,0,2,0,0,0,0,0,0,0,0,0,0,0,0,0,0,0,0,0,0,0,0,0,0,0,1,0,0,2,2,0,0,0,0,0,0,0
1,2,2,2,1,0,0,0,2,0,0,1,0,1,0,0,0,0,0,0,0,0,0,2,0,1,0,1,0,0,2,2,1,0,0,0,0,0,0
1,2,1,2,1,0,0,0,0,2,0,2,0,2,1,0,0,0,0,0,0,0,1,0,1,1,1,1,1,0,2,2,0,0,0,0,0,0,0
0,2,2,2,1,2,2,0,2,2,2,1,2,1,1,0,0,0,0,0,1,0,1,0,0,1,1,1,1,1,2,2,1,0,1,0,0,1,0
0,2,2,2,0,0,0,0,0,0,2,2,0,1,0,0,0,0,0,0,0,0,0,0,2,0,1,0,0,1,2,2,2,1,0,0,0,0,0
1,0,0,0,0,0,0,0,2,0,0,1,0,0,0,0,0,0,0,0,0,0,0,0,0,0,0,1,0,0,2,0,0,0,0,0,0,0,1
1,2,2,2,1,0,0,0,0,0,0,1,0,0,0,0,0,0,0,0,0,0,2,0,0,0,0,1,0,0,2,2,1,0,0,0,0,0,0
0,2,0,2,0,0,0,0,0,0,0,1,0,0,0,0,0,0,0,0,0,0,0,0,1,0,1,1,0,1,2,2,1,0,0,2,0,0,0
1,2,2,2,1,0,0,0,0,0,0,1,0,2,0,0,0,0,0,0,0,0,1,0,0,0,1,1,0,0,2,2,1,0,0,0,0,0,0
0,2,2,2,1,0,0,0,0,0,0,0,0,1,2,0,0,0,0,0,0,0,1,0,0,0,0,1,1,1,2,2,1,0,0,0,0,0,0
1,0,0,0,0,0,0,0,0,0,0,0,0,0,0,0,0,0,0,0,0,0,1,0,0,0,0,1,0,0,0,0,0,0,0,0,0,0,1
0,2,2,0,0,0,0,0,0,0,0,0,0,0,0,0,0,0,0,0,0,0,2,0,0,0,0,1,0,0,0,0,0,0,0,0,0,0,1
0,2,2,0,0,0,0,0,0,0,1,1,0,2,0,0,0,0,0,0,0,0,2,0,2,2,2,1,2,1,2,1,0,0,2,2,0,0,0
1,0,0,0,0,0,0,0,0,0,0,0,0,0,0,0,0,0,0,0,0,0,2,0,0,0,0,1,0,0,0,0,0,1,0,0,0,0,1
1,0,2,2,0,0,0,0,0,0,0,1,0,0,0,0,0,0,0,0,0,0,0,0,0,0,0,1,0,1,2,2,0,0,0,1,0,0,0
1,1,1,2,1,0,0,0,0,0,0,0,0,1,0,0,0,0,0,0,0,0,1,1,1,0,1,0,0,1,1,1,0,0,0,0,0,0,0
0,2,2,2,0,0,0,0,0,0,1,1,0,0,2,1,0,0,0,0,0,0,1,1,0,1,1,1,1,1,2,1,1,1,0,0,0,0,0
1,2,2,2,0,0,0,0,0,2,0,2,0,0,0,0,0,0,0,0,0,0,0,0,0,0,0,1,0,0,2,2,0,0,0,1,0,0,0
0,2,2,0,0,0,0,0,0,0,0,1,0,0,0,0,0,0,0,0,0,0,0,0,0,0,0,1,0,0,2,2,0,0,0,0,0,0,0
0,2,2,2,0,0,0,0,0,0,0,1,0,0,0,0,0,0,0,0,0,0,0,1,1,1,1,1,0,0,2,1,1,0,0,0,0,0,0
0,1,2,2,0,0,0,0,0,0,0,1,0,2,1,0,0,0,0,0,0,0,1,0,0,0,1,1,0,0,2,2,0,0,0,0,0,0,0
0,2,2,2,0,0,2,0,0,0,0,1,0,0,0,0,0,0,0,0,0,0,1,0,0,1,1,1,1,0,2,2,1,1,0,0,1,0,0
1,2,2,2,2,0,0,0,2,0,0,1,0,2,1,0,0,0,0,0,2,0,1,1,0,0,1,1,1,0,2,2,0,1,0,0,0,0,0
0,2,2,2,2,1,0,0,0,1,0,1,0,1,0,0,0,0,0,0,0,0,0,1,1,1,1,0,1,0,2,1,1,2,0,2,1,1,0
1,2,2,2,0,0,2,0,0,2,0,1,0,0,0,0,0,0,0,0,0,0,1,1,0,0,1,1,0,0,2,2,1,0,0,0,0,0,0
1,2,2,2,2,0,0,0,0,0,0,1,0,0,0,0,0,0,0,0,0,0,2,0,0,0,0,1,0,0,0,0,0,0,0,1,0,0,1
1,2,2,2,0,0,2,0,0,0,0,1,0,2,2,0,0,0,1,1,0,0,1,0,1,1,1,1,0,0,2,2,1,0,0,0,0,0,0
1,0,0,0,0,0,0,0,0,0,0,0,0,0,0,0,0,0,0,0,0,0,0,0,0,0,1,1,0,0,2,0,0,0,1,0,0,0,1
0,2,2,2,1,0,0,0,0,0,0,1,0,1,1,0,0,0,0,0,0,0,1,0,1,1,1,1,0,0,2,2,1,1,0,1,0,0,0
0,2,2,2,1,0,0,0,0,0,0,1,0,1,0,0,0,0,0,0,0,0,2,1,0,0,0,1,0,0,2,2,0,0,0,0,0,0,0
0,2,2,2,2,0,0,0,0,2,0,2,0,1,0,0,0,0,0,0,0,0,0,2,2,1,1,0,2,0,2,1,1,1,0,1,1,0,0
1,0,2,2,0,0,0,0,0,0,0,1,0,0,0,0,0,0,0,0,0,0,1,0,1,0,0,1,0,0,2,1,0,0,0,0,0,0,0
1,2,2,2,0,0,2,0,2,0,0,1,0,0,0,0,0,0,0,0,0,0,0,1,0,1,1,1,1,0,2,2,1,0,0,0,0,0,0
0,1,1,2,0,0,0,0,0,0,0,0,0,1,0,0,0,0,0,0,0,0,1,0,1,0,1,1,0,0,2,1,0,0,0,0,0,0,0
0,1,2,2,0,0,0,0,0,0,0,0,0,0,0,0,0,0,0,0,0,0,1,0,0,0,1,1,0,0,2,2,0,0,0,0,0,0,0
1,2,2,2,0,0,0,0,0,0,0,0,0,0,0,0,0,0,0,0,0,0,1,0,0,0,0,1,0,0,1,1,0,0,0,0,0,0,0
1,1,2,2,0,0,0,0,0,0,0,0,0,0,0,0,0,0,0,0,0,0,0,0,0,0,0,1,0,0,2,2,0,0,0,0,0,0,0
1,2,0,0,0,0,0,0,2,0,0,2,0,0,0,0,0,0,0,0,0,0,0,2,2,0,0,1,0,0,2,2,0,2,2,1,1,1,0
0,2,0,2,0,0,0,0,0,0,0,0,0,0,0,0,0,0,0,0,0,0,0,0,0,0,1,1,0,0,2,2,0,0,0,0,0,0,0
0,1,2,0,0,0,0,0,0,0,0,0,0,0,0,0,0,0,0,0,0,0,0,0,0,0,0,1,0,0,2,2,0,0,0,0,0,0,0
1,2,2,2,1,0,0,0,0,0,0,1,0,1,1,0,0,0,0,0,0,0,0,0,1,0,0,1,0,0,2,2,1,1,0,1,0,0,0
1,0,0,0,0,0,0,0,0,0,0,0,0,0,0,0,0,0,0,0,0,0,2,0,0,0,0,1,0,0,0,1,0,0,0,1,0,0,1
0,2,2,2,0,0,0,0,0,0,0,1,0,1,2,0,0,0,0,0,0,0,0,1,1,0,1,1,1,1,2,2,1,0,0,0,0,0,0
1,0,0,0,0,0,0,0,0,0,0,0,0,0,0,0,0,0,0,0,0,0,0,0,0,0,0,1,0,0,2,2,0,0,0,0,0,0,1
0,2,2,2,0,0,0,0,0,1,0,1,0,1,2,0,0,0,0,0,0,0,2,1,0,0,1,1,0,0,2,0,1,0,0,0,0,0,0
1,2,2,2,1,0,2,0,0,2,0,2,0,1,0,0,0,0,0,0,0,0,2,0,0,0,0,1,0,0,2,0,0,1,0,0,1,1,0
0,2,0,2,0,0,0,0,0,0,0,1,0,0,0,0,0,0,0,0,0,0,0,0,0,0,1,1,1,0,2,2,0,0,0,0,0,0,0
0,2,2,2,0,0,2,0,2,0,0,1,0,0,0,0,0,0,0,0,0,0,0,0,0,1,1,1,1,0,2,2,1,0,1,1,0,0,0
0,2,2,2,0,0,0,0,0,0,0,1,0,1,0,0,0,0,0,0,0,0,0,2,0,1,1,1,0,0,2,2,0,0,0,0,0,0,0
1,2,2,2,2,0,1,0,2,0,0,1,0,1,1,0,1,0,1,0,2,0,0,1,1,0,0,0,0,1,0,0,0,1,0,2,0,0,0
1,0,2,2,0,0,0,0,0,0,0,0,0,0,0,0,0,0,0,0,0,0,2,0,0,0,0,1,0,0,0,0,0,1,0,0,0,0,1
1,2,2,2,1,0,0,0,0,0,1,1,0,2,2,1,0,0,2,0,0,0,2,0,0,0,0,1,0,1,2,1,0,0,0,1,0,0,0
1,0,0,0,0,0,0,0,0,0,0,0,0,0,0,0,0,0,0,0,0,0,0,0,0,0,0,0,0,0,2,2,0,0,0,0,0,0,1
0,2,2,2,0,0,0,0,2,2,0,1,0,2,1,0,0,0,0,0,0,0,1,1,0,0,1,0,0,1,2,2,0,0,0,0,0,0,0
1,2,2,2,1,0,0,0,2,0,0,1,0,1,0,0,1,0,0,0,0,0,0,0,1,0,0,1,0,0,2,2,0,0,0,0,0,0,0
1,0,0,0,0,0,0,0,0,0,0,0,0,0,0,0,0,0,0,0,0,0,2,0,0,0,0,1,0,0,2,2,1,0,0,1,0,0,1
0,1,2,2,0,0,0,0,0,2,0,1,0,0,0,0,0,0,0,0,0,0,0,0,1,0,0,1,0,0,2,2,0,0,0,0,0,0,0
0,2,2,2,0,0,0,0,0,0,0,1,0,0,0,0,0,0,0,0,0,0,1,0,1,1,0,0,1,0,2,0,0,0,0,1,0,0,0
1,1,2,2,0,0,0,0,0,0,0,0,0,0,0,0,0,0,0,0,0,0,0,0,0,0,0,1,0,0,2,1,0,0,1,0,0,0,0
1,0,1,2,0,0,0,0,0,0,0,0,0,0,0,0,0,0,0,0,0,0,0,0,0,0,0,1,0,0,1,1,0,0,0,0,0,0,1
1,2,0,2,0,0,0,0,0,2,0,1,0,2,2,1,0,1,1,0,2,0,1,1,1,1,1,1,0,1,2,2,1,0,0,0,0,0,0
1,0,0,0,0,0,0,0,0,0,0,0,0,0,0,0,0,0,0,0,0,0,2,0,0,0,0,1,0,0,0,0,0,0,0,0,0,1,1
0,2,2,2,0,0,0,0,0,2,0,1,0,1,0,0,0,0,0,0,0,0,0,0,1,1,1,0,0,1,2,2,1,1,1,0,0,0,0
0,2,0,2,1,0,1,0,0,0,0,0,0,1,0,0,0,0,0,0,0,0,1,0,0,0,0,1,0,0,0,0,0,0,0,0,0,0,1
0,1,2,0,0,0,0,0,0,0,0,0,0,0,0,0,0,0,0,0,0,0,0,0,0,0,1,1,0,0,2,0,0,0,0,0,0,0,1
0,2,1,2,0,0,0,0,0,1,0,1,0,0,0,0,0,0,0,0,0,0,0,2,0,0,0,0,0,0,0,0,0,0,0,0,0,0,0
0,2,2,2,0,0,0,0,0,0,0,1,0,0,0,0,0,0,0,0,0,0,0,1,1,1,1,1,0,0,2,1,1,0,1,0,0,0,0
1,2,2,2,1,0,0,0,2,2,0,2,0,2,1,0,0,0,0,0,0,0,0,2,2,1,1,1,0,0,2,2,0,2,0,0,0,0,0
0,2,2,2,0,0,0,0,2,0,0,1,0,1,0,0,0,0,0,0,0,0,0,0,0,0,1,1,0,0,2,0,0,1,0,0,0,0,0
1,2,2,2,1,0,0,0,0,0,0,1,0,1,1,0,0,0,0,0,0,0,0,1,1,1,1,1,1,0,2,2,1,0,0,1,0,0,0
0,2,2,2,0,0,0,0,1,2,0,1,0,1,0,0,0,0,0,0,0,0,0,0,0,0,0,0,0,0,2,2,1,0,0,0,0,0,0
0,2,2,2,1,0,0,0,0,0,0,1,0,1,0,0,0,0,0,0,0,0,0,0,1,1,1,1,0,1,2,2,1,1,0,1,0,0,0
1,0,0,2,0,0,0,0,0,0,0,0,0,0,0,0,0,0,0,0,0,0,1,0,0,0,0,1,0,0,2,0,0,0,0,0,0,0,1
0,1,2,2,2,0,1,1,2,2,1,1,1,1,1,1,1,0,0,0,2,0,0,0,2,1,0,0,1,1,2,1,0,2,0,1,0,1,0
0,2,1,2,0,0,0,0,0,0,0,0,0,1,0,0,0,0,0,0,0,0,1,0,0,0,0,1,0,0,2,2,1,0,0,0,0,0,0
0,1,1,2,0,0,0,0,0,0,0,1,0,0,0,0,0,0,0,0,0,0,2,0,0,0,0,1,0,0,2,1,0,0,0,0,0,0,1
0,2,2,2,0,0,2,0,0,1,0,1,0,2,2,0,0,0,0,0,0,0,1,2,2,1,1,1,2,1,2,2,1,0,0,0,0,0,0
1,0,0,0,0,0,0,0,0,0,0,0,0,0,0,0,0,0,0,0,0,0,2,0,0,0,0,1,0,0,0,0,0,1,0,1,1,1,1
1,2,2,2,1,0,2,0,2,2,0,1,0,0,0,0,0,0,0,0,0,0,0,1,1,1,1,1,1,1,2,2,1,2,0,0,1,0,0
1,2,1,2,0,0,0,0,0,0,0,0,0,0,0,0,0,0,0,0,0,0,2,0,0,0,0,1,0,0,0,0,0,0,0,0,0,0,1
1,2,2,2,1,0,0,0,0,0,0,0,0,0,0,0,0,0,0,2,0,0,2,0,0,0,1,1,0,0,2,0,0,0,0,1,0,0,0
1,2,2,2,0,0,1,0,0,2,0,1,0,0,0,0,0,0,0,0,0,0,1,0,1,1,1,1,1,0,2,1,1,0,0,0,0,0,0
1,2,1,2,0,0,0,0,0,0,0,1,0,0,0,0,0,0,0,0,0,0,0,0,0,0,0,0,0,0,0,0,0,0,0,0,0,0,1
0,1,2,2,0,0,0,0,0,0,0,0,0,0,0,0,0,0,0,0,0,0,0,0,0,0,0,1,0,0,2,2,0,0,0,0,0,0,0
1,0,0,0,0,0,0,0,0,0,0,0,0,0,0,0,0,0,0,0,0,0,0,2,1,1,0,1,0,0,2,0,0,0,0,0,0,0,1
1,0,0,0,1,0,1,0,1,1,1,0,0,2,2,1,0,0,1,1,0,0,0,0,1,1,1,1,1,1,2,2,1,0,0,0,0,1,0
0,2,0,0,0,0,0,0,2,0,0,0,0,1,0,0,0,0,0,0,0,0,2,1,0,0,0,1,0,0,2,1,0,1,0,0,0,0,1
1,0,0,0,0,0,0,0,0,0,0,0,0,0,0,0,0,0,0,0,0,0,2,0,0,0,0,1,0,0,0,0,0,1,0,1,1,0,1
1,0,0,0,0,0,0,0,0,0,0,1,0,1,0,0,0,0,0,0,0,0,0,0,0,0,0,0,0,0,0,2,0,0,0,0,0,0,1
1,2,2,2,0,0,2,0,0,0,0,1,0,0,0,0,0,0,0,0,0,0,0,1,1,1,1,1,0,0,2,2,1,0,0,0,0,0,0
1,2,2,2,1,0,2,0,2,0,1,1,0,1,1,0,0,0,0,0,1,0,0,1,1,1,1,1,1,1,2,2,1,0,0,0,0,0,0
1,2,2,2,0,0,0,0,0,0,0,0,0,0,0,0,0,0,0,0,0,0,1,0,0,0,0,1,0,0,0,0,0,0,0,0,0,0,1
1,0,0,0,0,0,0,0,0,0,0,0,0,0,0,0,0,0,0,0,0,0,2,0,0,0,0,1,0,0,0,0,0,0,1,1,0,0,1
1,2,2,2,0,0,0,0,0,0,0,0,0,1,1,0,0,0,0,0,0,0,0,0,0,0,0,1,0,0,2,2,0,1,0,0,0,0,0
0,1,1,2,0,0,0,0,0,0,0,1,0,1,0,0,0,0,0,0,0,0,0,0,0,0,0,1,0,0,1,1,1,0,0,0,0,0,0
1,2,0,0,0,0,0,0,0,0,0,1,0,0,0,0,0,0,0,0,0,0,2,0,0,0,0,1,0,0,1,2,0,0,0,0,0,0,1
0,2,2,2,0,0,0,0,0,0,0,1,0,0,0,0,0,0,0,0,0,0,0,1,0,1,1,1,1,0,2,1,1,0,0,0,0,0,0
0,0,0,0,0,0,0,0,0,0,0,0,0,0,0,0,0,0,0,0,0,0,2,0,0,0,0,1,0,0,0,0,0,1,0,1,0,2,1
1,2,2,2,1,0,0,0,0,0,0,1,0,1,0,0,0,0,0,0,0,0,2,2,2,0,0,1,0,0,2,0,0,0,0,0,0,0,0
0,0,0,0,0,0,0,0,0,0,0,0,0,0,0,0,0,0,0,0,0,0,2,0,0,0,0,1,0,0,2,2,0,0,0,0,0,0,1
0,2,2,2,1,0,0,0,2,0,0,2,0,1,1,0,0,0,0,0,0,0,1,1,1,1,1,0,1,0,2,2,1,0,0,0,0,0,0
0,2,2,2,0,0,2,0,0,0,0,1,0,1,0,0,0,0,0,0,0,0,1,0,0,1,1,1,1,0,2,2,1,0,0,0,0,0,0
1,2,2,2,0,0,0,0,0,0,0,1,0,1,0,0,0,0,0,0,0,0,0,0,0,0,0,1,0,0,2,0,0,0,0,0,0,0,0
0,2,2,2,0,0,0,0,0,0,0,1,0,0,0,0,0,0,0,0,0,0,0,0,0,0,0,1,0,0,2,2,0,0,0,1,0,0,0
0,2,2,2,1,0,0,0,0,2,0,1,0,1,0,0,0,0,0,0,0,0,2,2,0,1,1,1,1,0,2,2,1,0,0,0,0,0,0
0,0,0,0,0,0,0,0,0,0,0,0,0,0,0,0,0,0,0,0,0,0,2,0,0,0,0,1,0,0,0,1,0,0,0,1,0,0,1
1,2,1,2,0,0,0,0,0,0,0,1,0,1,0,0,0,0,0,0,0,0,0,1,0,1,0,1,0,0,2,1,1,0,0,0,0,0,0
0,2,2,2,0,0,0,0,0,0,0,1,0,0,0,0,0,0,0,0,0,0,0,0,0,0,1,1,0,0,2,2,0,0,0,0,0,0,0
0,2,2,2,1,0,1,0,0,0,1,1,0,2,2,0,0,0,1,1,0,0,2,1,0,1,1,1,1,1,2,2,1,0,0,0,0,0,0
